smiles,pik3ca_activity,mtor_activity
CCOc1ccc(-c2nn(C3CCCC3)c3ncnc(N)c23)cc1OC,1.0,1.0
Cc1cc(C(=O)Nc2ccc(C)nc2)c2nc(C)nc(N)c2c1,1.0,1.0
COc1ncc(-c2cc3c(C)nc(N)cc3n(C3CCCC3)c2=O)cc1NS(=O)(=O)c1ccc(F)cc1F,1.0,1.0
CCN1CCN(CC(=O)Nc2ccc(-c3cccc4c(=O)cc(N5CCOCC5)oc34)c3sc4ccccc4c23)CC1,1.0,1.0
Cc1ccc(NC(=O)Nc2ccc(-c3nc(N4CCOCC4)nc(N4C5CCC4COC5)n3)cc2)cc1,1.0,1.0
Cc1nc(Nc2cnccn2)cc(-c2c(Nc3cc[nH]n3)nc3cccnn23)n1,1.0,1.0
OCc1cccc(-c2nc(N3CCOCC3)c3cnn(C4CCN(Cc5ccccc5)CC4)c3n2)c1,1.0,1.0
Cc1nc(N)nc(-c2c(Nc3cc[nH]n3)nc3ccc(-c4ccccc4C)cn23)n1,1.0,1.0
CC(=O)Nc1nc2ccc(-c3ccnc(OCCCc4cccnc4)n3)cc2s1,1.0,1.0
Oc1cccc(-c2nc(N3CCOCC3)c3ncccc3n2)c1,1.0,1.0
CC(=O)Nc1nc2ccc(-c3cnc(Cl)c(NS(=O)(=O)c4ccccc4F)c3)cc2s1,1.0,1.0
COc1ccc(NC(=O)c2c(C)ccc3c(N)nc(C)nc23)cn1,1.0,1.0
CC(C)n1nc(-c2ccc3nccnc3c2)c2c(N)ncnc21,1.0,1.0
CCNC(=O)Nc1ccc(-c2nc(N3CCOCC3)nc(N3CCOCC3)n2)cc1,1.0,1.0
Nc1ccc(C#Cc2n[nH]c3ccccc23)cc1,1.0,1.0
COc1ccc(S(=O)(=O)N(C)c2nccc(-c3ccc4nc(NC(C)=O)sc4c3)n2)cc1,1.0,1.0
O=C(Nc1ccc(Cl)cc1)Nc1ccc(-c2nc(N3CCOCC3)nc(N3CCOCC3)n2)cc1,1.0,1.0
CC(=O)Nc1nc2ccc(-c3cnc(Cl)c(NS(=O)(=O)c4ccc(C(F)(F)F)cc4)c3)cc2s1,1.0,1.0
COc1ccc(S(=O)(=O)Nc2cccc(-c3ccc4nc(NC(C)=O)sc4c3)c2)cc1,1.0,1.0
CCC(=O)N1CCN(c2ccc(-n3c(=O)ccc4cnc5ccc(-c6cnc7ccccc7c6)cc5c43)cc2C(F)(F)F)CC1,1.0,1.0
COc1nc(-c2ccc(NC(=O)Nc3ccc(C(=O)NCCN4CCCCC4)cc3)cc2)nc(N2CCOCC2)n1,1.0,1.0
Cc1c(CN2CCN(S(C)(=O)=O)CC2)sc2c(N3CCOCC3)nc(-c3cnc(N)nc3)nc12,1.0,1.0
CCOc1ccc(-c2nn(C(C)C)c3ncnc(N)c23)cc1OC,1.0,1.0
O=C(c1ccccc1)N1CCC(n2ncc3c(N4CCOCC4)nc(-c4cccc(O)c4)nc32)CC1,1.0,1.0
COc1ccc(S(=O)(=O)Nc2cncc(-c3ccc4nc(NC(C)=O)sc4c3)n2)cc1,1.0,1.0
CNC(=O)Nc1ccc(-c2nc(N3CC4CCC(C3)O4)c3cnn(C)c3n2)cc1,1.0,1.0
CCn1cc(/C=C2\Oc3cccc(O)c3C2=O)c2c(-c3ccc(C(=O)N4CCN(CCO)CC4)cc3)ccnc21,1.0,1.0
CN1CCN(C(=O)c2cccc(-c3cc4nc(-c5cnc(N)nc5)nc(N5CCOCC5)c4s3)c2)CC1,1.0,1.0
Nc1ccc(-c2nc(N3CCOCC3)c3cnn(-c4ccccc4)c3n2)nc1,1.0,1.0
CCn1ncc2c(N3CC4CCC(C3)O4)nc(-c3ccc(NC(=O)Nc4ccc(NC)nc4)cc3)nc21,1.0,1.0
CN1CCN(Cc2cc3nc(-c4ccc(NC(=O)NC5CC5)cc4)nc(N4CC5CCC(C4)O5)c3s2)CC1,1.0,1.0
CCn1ncc2c(N3CC4CCC(C3)O4)nc(-c3ccc(NC(=O)Nc4ccc(CCO)cc4)cc3)nc21,1.0,1.0
COC(=O)N1CCC(n2ncc3c(N4CC5CCC(C4)O5)nc(-c4ccc(NC(=O)Nc5cccnc5)cc4)nc32)CC1,1.0,1.0
CC(C)n1nc(-c2ccc3occc3c2)c2c(N)ncnc21,1.0,1.0
O=C(Nc1ccncc1)Nc1ccc(-c2nc(N3CCOCC3)c3ccn(CCN4CCCCC4)c3n2)cc1,1.0,1.0
COC[C@H]1OC(=O)/C(=C/N(C)CCCN(C)C)C2C(=O)C(=O)C3C(=C(OC(C)=O)C[C@]4(C)[C@@H](O)CC[C@@H]34)[C@]21C,1.0,1.0
CCn1ncc2c(N3CC4CCC(C3)O4)nc(-c3ccc(NC(=O)Nc4cccnc4)cc3)nc21,1.0,1.0
Nc1ncc(-c2cn3cc(C(=O)N[C@H]4CC[C@H](O)CC4)nc3c(N3CCOCC3)n2)cn1,1.0,1.0
Oc1cccc(-c2nc(N3CCOCC3)c3ncn(C4CCN(Cc5ccc(N6CCOCC6)nc5)CC4)c3n2)c1,1.0,1.0
O=C1/C(=C/c2c(-c3ccc(Cl)cc3)[nH]c3ccccc23)Oc2cc(O)cc(O)c21,1.0,1.0
Cn1cc(/C=C2\Oc3ccc(NC(=O)Nc4cccnc4)cc3C2=O)c2c(N3CCC(C(=O)NCc4cccnc4)CC3)ccnc21,1.0,1.0
COC(=O)N1CCN(Cc2cnc(Nc3ccc(OC)nc3)c(-c3nc(C)nc(N)n3)c2)CC1,1.0,1.0
CCNC(=O)Nc1ccc2c(c1)C(=O)/C(=C/c1cn(C)c3nccc(N4CC5CCC(C4)O5)c13)O2,1.0,1.0
COc1ccc(C2C=C3C(C)=NC(N)=NC3N([C@H]3CC[C@H](OCCO)CC3)C2=O)cn1,1.0,1.0
O=C(Nc1ccc(-c2nc(N3CCOCC3)c3ncccc3n2)cc1)Nc1cccnc1,1.0,1.0
Cc1nc(N)cc2c1cc(-c1cnc3nc[nH]c3c1)c(=O)n2C1CCCC1,1.0,1.0
Oc1cccc(-c2nc(N3CCOCC3)c3[nH]cc(C4CCN(Cc5ccccc5)CC4)c3n2)c1,1.0,1.0
Cc1nc(N)nc(-n2c(Nc3ccc4cc[nH]c4c3)nc3ccccc32)n1,1.0,1.0
Cc1nccc(-n2c(Nc3cccc(O)c3)nc3ccccc32)n1,1.0,1.0
COC[C@H]1OC(=O)/C(=C/N2CCN(c3ccccc3)CC2)C2C(=O)C(=O)C3C(=C(OC(C)=O)C[C@]4(C)[C@@H](O)CC[C@@H]34)[C@]21C,1.0,1.0
COC[C@H]1OC(=O)/C(=C/N(CCCN(C)C)C(C)(C)C)C2C(=O)C(=O)C3C(=C(OC(C)=O)C[C@]4(C)[C@@H](O)CC[C@@H]34)[C@]21C,1.0,1.0
COc1ccc(-c2nn([C@@H]3CCNC3)c3ncnc(N)c23)cc1O,1.0,1.0
c1ccc(-n2ncc3c(N4CCOCC4)nc(-c4ccc5[nH]ccc5c4)nc32)cc1,1.0,1.0
O=C1/C(=C/c2c[nH]c3ccccc23)Oc2cc(O)cc(O)c21,1.0,1.0
CO[C@@H]1[C@H](N(C)C(=O)c2ccccc2)C[C@H]2O[C@]1(C)n1c3ccccc3c3c4c(c5c6ccccc6n2c5c31)C(=O)NC4,1.0,1.0
CNc1cc(-c2c(Nc3cc[nH]n3)nc3cccnn23)nc(C)n1,1.0,1.0
O=C(Nc1ccncc1)Nc1ccc(-c2nc(N3CC4CCC(C3)O4)c3sccc3n2)cc1,1.0,1.0
Cc1nc(Nc2cnn(C3CCOC3)c2)cc(-c2c(Nc3ccn[nH]3)nc3cccnn23)n1,1.0,1.0
CCNC(=O)Nc1ccc(-c2nc(N3C4CCC3COC4)c3cnn(C4CCN(C(=O)OC)CC4)c3n2)cc1,1.0,1.0
COC(C)(C)c1cc2nc(-c3cnc(N)nc3)nc(N3CCOCC3)c2s1,1.0,1.0
Cc1nc(N)cc2c1cc(-c1cnc3[nH]ccc3c1)c(=O)n2C1CCCC1,1.0,1.0
CNCCN(C)C(=O)c1ccc(NC(=O)Nc2ccc(-c3nc(OC)nc(N4CCOCC4)n3)cc2)cc1,1.0,1.0
COc1ccc(-c2cc3c(C)nc(N)cc3n([C@H]3CC[C@H](OCCO)CC3)c2=O)cn1,1.0,1.0
COc1ccc(-c2cc3c(C)nc(N)cc3n(C3CCC(OCCO)CC3)c2=O)cn1,1.0,1.0
Nc1ncc(-c2cn3cc(C(=O)NC4CCOCC4)nc3c(N3CCOCC3)n2)cn1,1.0,1.0
Cc1ccc(-c2nn(C(C)C)c3ncnc(N)c23)cc1O,1.0,1.0
O=C(Nc1ccncc1)Nc1ccc(-c2nc(N3CCOCC3)c3ccn(CC(F)(F)F)c3n2)cc1,1.0,1.0
O=C(Nc1ccc(-c2nc(N3CCOCC3)nc(N3CCOCC3)n2)cc1)Nc1ccnnc1,1.0,1.0
CONC(=O)Nc1ccc(-c2nc(N3CCOCC3)c3cnn(C4CCN(Cc5cccnc5)CC4)c3n2)cc1,1.0,1.0
Cc1nc(N)cc(-n2c(Nc3cccc(O)c3)nc3ccccc32)n1,1.0,1.0
Cn1cc(/C=C2\Oc3ccc(NC(=O)Nc4cccnc4)cc3C2=O)c2c(N3CCC(C(=O)N4C5CCC4COC5)CC3)ccnc21,1.0,1.0
C(#Cc1n[nH]c2ncccc12)c1cccnc1,1.0,1.0
O=c1cc(N2CCOCC2)oc2c(-c3ccc4c(c3)OCCO4)csc12,1.0,1.0
COc1cc(-c2nn(C(C)C)c3ncnc(N)c23)ccc1O,1.0,1.0
Cn1nnc2c(N3CCOCC3)nc(-c3ccc(NC(=O)Nc4cccs4)cc3)nc21,1.0,1.0
Nc1ccc(-c2nc(N3CCOCC3)c3cnn(-c4ccccc4)c3n2)cc1,1.0,1.0
CC(=O)Nc1cc(-c2c(Nc3cc[nH]n3)nc3cccnn23)nc(C)n1,1.0,1.0
CC(C)n1nc(-c2cc(C=O)co2)c2c(N)ncnc21,1.0,1.0
Cn1c(-c2ccccc2)c(/C=C2\Oc3cc(O)cc(O)c3C2=O)c2ccccc21,1.0,1.0
CNC(=O)Nc1ccc(-c2nc(N3CC4CCC(C3)O4)c3cnn(C4CCN(C(=O)OC(C)(C)C)CC4)c3n2)cc1,1.0,1.0
Cn1cc(/C=C2\Oc3cccc(O)c3C2=O)c2c(N3CCC(C(=O)N4CCOCC4)CC3)ccnc21,1.0,1.0
Nc1ncnc2c1c(-c1cccc(O)c1F)nn2C1CCCC1,1.0,1.0
CCc1cc(C(F)(F)F)nn1-c1nc(-c2cccc3[nH]ccc23)nc(N2CCOCC2)n1,1.0,1.0
O=C(Nc1ccncc1)Nc1ccc(-c2nc(C3=CCOCC3)c3sccc3n2)cc1,1.0,1.0
CCOc1cc(-c2nn(C(C)C)c3ncnc(N)c23)ccc1OC,1.0,1.0
COc1ccc(-c2nn(C(C)C)c3ncnc(N)c23)cc1OC,1.0,1.0
CC(C)n1nc(-c2ccc(F)c(O)c2)c2c(N)ncnc21,1.0,1.0
COC[C@H]1OC(=O)/C(=C/N(CCCN(C)C)CCCN(C)C)C2C(=O)C(=O)C3C(=C(OC(C)=O)C[C@]4(C)[C@@H](O)CC[C@@H]34)[C@]21C,1.0,1.0
C[C@@H]1COCCN1c1nc(-c2ccc(NC(=O)Nc3ccc(C(=O)NCCN(C)C)cc3)cc2)nc(N2C3CCC2COC3)n1,1.0,1.0
COc1ccc(-c2cc3c(C)nc(N)nc3n(C3CCCC3)c2=O)cn1,1.0,1.0
Cc1nc(N)cc(-c2c(Nc3cc[nH]n3)nc3ccccn23)n1,1.0,1.0
Cn1cc(/C=C2\Oc3ccc(NC(=O)Nc4cccnc4)cc3C2=O)c2c(N3C4CCC3COC4)ccnc21,1.0,1.0
CC(C)n1nc(-c2ccc(C=O)c(F)c2)c2c(N)ncnc21,1.0,1.0
CC(=O)Nc1nc2ccc(-c3cnc(Cl)c(NS(=O)(=O)c4ccccc4Cl)c3)cc2s1,1.0,1.0
Nc1ncnc2c1c(-c1ccc(Cl)c(O)c1)nn2[C@@H]1CCOC1,1.0,1.0
Nc1ncnc2c1c(-c1ccc(Cl)c(O)c1)nn2[C@H]1CCOC1,1.0,1.0
O=C(Nc1ccc(CO)cc1)Nc1ccc(-c2nc(N3C4CCC3COC4)nc(N3C4CCC3COC4)n2)cc1,1.0,1.0
Cc1ccc(CN2CCC(n3cnc4c(N5CCOCC5)nc(-c5cncc(O)c5)nc43)CC2)cc1,1.0,1.0
Cc1cc(C(=O)Nc2cn[nH]c2)c2nc(C)nc(N)c2c1,1.0,1.0
CS(=O)(=O)Cc1cc(N2CCOCC2)nc(-c2ccc(NC(=O)Nc3ccc(F)cc3)cc2)n1,1.0,1.0
Cc1nc(N)nc(-c2c(Nc3cc[nH]n3)nc3ccc(-c4cncn4C)cn23)n1,1.0,1.0
CCNC(=O)Nc1ccc(-c2nc(N3CC4CCC(C3)O4)c3cnn(CCN(C)C)c3n2)cc1,1.0,1.0
CC(=O)C(O)N1CCC(n2c(=O)n(C)c3cnc4ccc(-c5ccc(C)nc5)nc4c32)CC1,1.0,1.0
Cn1cc(/C=C2\Oc3ccc(NC(=O)Nc4cccnc4)cc3C2=O)c2c(N3CCC(C(=O)N4CCOCC4)CC3)ccnc21,1.0,1.0
CC(=O)Nc1cc(-c2c(Nc3ccn(C)n3)nc3cccnn23)nc(C)n1,1.0,1.0
COc1ncc(-c2cc3c(C)nc(N)cc3n(C3CCCC3)c2=O)cc1NS(=O)(=O)c1ccc(C#N)cc1,1.0,1.0
Cc1nccc(-c2c(Nc3cc[nH]n3)nc3cccnn23)n1,1.0,1.0
Cc1nccn1-c1nc(-c2cnc(N)nc2)nc(N2CCOCC2)n1,1.0,1.0
C=S(O)(O)=Cc1cc(N2CCOCC2)nc(-c2cccc(CO)c2)n1,1.0,1.0
Cc1[nH]c2ccccc2c1/C=C1\Oc2cc(O)cc(O)c2C1=O,1.0,1.0
O=C(Nc1ccc(C(=O)N2CCC(N3CCCC3)CC2)cc1)Nc1ccc(-c2nc(N3CCOCC3)nc(N3CCOCC3)n2)cc1,1.0,1.0
N#CCCCCn1nc(-c2ccc(F)c(O)c2)c2c(N)ncnc21,1.0,1.0
CC(=O)Nc1nc2ccc(-c3cnc(Cl)c(NS(=O)(=O)c4ccc(Cl)cc4)c3)cc2s1,1.0,1.0
Nc1ncnc2c1c(-c1ccc3ncccc3c1)nn2C1CCCC1,1.0,1.0
Oc1cccc(-c2nc(N3CC4CCC(C3)O4)c3sccc3n2)c1,1.0,1.0
O=S(=O)(Nc1cc(-c2ccc3nc[nH]c3c2)cnc1Cl)c1ccc(F)cc1,1.0,1.0
O=S(=O)(Nc1cc(-c2ccc3ncc(NCCN4CCOCC4)nc3c2)cnc1Cl)c1ccc(F)cc1,1.0,1.0
O=C(Nc1ccc(-c2nc(N3CCOCC3)nc(N3CCOCC3)n2)cc1)Nc1ccc(F)cc1F,1.0,1.0
CCNC(=O)Nc1ccc(-c2nc(N3CCOC[C@@H]3CC)c3c(cnn3C)n2)cc1,1.0,1.0
O=C(Nc1ccc(-c2nc(C3=CCOCC3)c3cnn(CC(F)(F)F)c3n2)cc1)Nc1cccnc1,1.0,1.0
COc1nc(-c2ccc(NC(=O)Nc3ccc(C(=O)N(C)CCN(C)C)cc3)cc2)nc(N2CCOCC2)n1,1.0,1.0
CC(C)n1nc(-c2ccc(C#N)c(O)c2)c2c(N)ncnc21,1.0,1.0
COC[C@H]1OC(=O)/C(=C/N2CCC(c3ccccc3)CC2)C2C(=O)C(=O)C3C(=C(OC(C)=O)C[C@]4(C)[C@@H](O)CC[C@@H]34)[C@]21C,1.0,1.0
COc1ccc(-c2nn(C)c3ncnc(N)c23)cc1O,1.0,1.0
CCNC(O)=Nc1ccc(-c2nc3c(c(N4CCOC[C@@H]4C)n2)C=S(O)(O)=C3)cc1,1.0,1.0
CCNC(O)=Nc1ccc(-c2nc3c(c(N4CCOC[C@H]4C)n2)C=S(O)(O)=C3)cc1,1.0,1.0
O=C(Nc1ccc(-c2nc(N3CCOCC3)c3cnn(C4CCN(Cc5ccccc5)CC4)c3n2)cc1)NC1CC1,1.0,1.0
O=C(Nc1ccc(CCO)cc1)Nc1ccc(-c2nc(N3CCOCC3)nc(N3C4CCC3COC4)n2)cc1,1.0,1.0
CS(=O)(=O)N1CCN(Cc2cc3nc(-c4cnc(N)nc4)nc(N4CCOCC4)c3s2)CC1,1.0,1.0
COC(=O)N1CCC(n2ncc3c(N4CCOCC4)nc(-c4ccc(NC(=O)Nc5ccc(CO)cc5)cc4)nc32)CC1,1.0,1.0
OCc1cccc(-c2nc3ccnc-3c(N3CCOCC3)[nH]2)c1,1.0,1.0
CCN1CCN(c2ccc(NC(=O)Nc3ccc(-c4nc(C5CCOCC5)nc(N5C6CCC5COC6)n4)cc3)cc2)CC1,1.0,1.0
Cc1nc(N)nc(-n2c(Nc3cc[nH]n3)nc3ccccc32)n1,1.0,1.0
N#Cc1ccc(NC(=O)Nc2ccc(-c3nc(N4CCOCC4)nc(N4C5CCC4COC5)n3)cc2)cc1,1.0,1.0
Oc1cccc(-c2nc(C3C=COCC3)c3cnn(-c4ccccc4)c3n2)c1,1.0,1.0
O=S(=O)(Nc1cc(-c2ccc3nccn3c2)cnc1Cl)c1ccc(F)cc1,1.0,1.0
C[C@@H]1COCCN1c1nc(-c2ccc(NC(=O)Nc3ccc(C(=O)N4CCN(C)CC4)cc3)cc2)nc(N2C3CCC2COC3)n1,1.0,1.0
CC(=O)C(O)N1CCN(Cc2sc3c(N4CCOCC4)nc(-c4cnc(N)nc4)nc3c2C)CC1,1.0,1.0
CCn1ncc2c(N3CC4CCC(C3)O4)nc(-c3ccc(NC(=O)NC)cc3)nc21,1.0,1.0
O=C(c1cccnc1)N1CCC(n2ncc3c(N4CCOCC4)nc(-c4ccc5[nH]ccc5c4)nc32)CC1,1.0,1.0
Cn1cc(/C=C2\Oc3cccc(O)c3C2=O)c2c(N3CCC(C(=O)N4CC5CCC(C4)O5)CC3)ccnc21,1.0,1.0
Cc1nc(N)nc(-n2c(Nc3cccc(O)c3)nc3ccccc32)n1,1.0,1.0
CNC(=O)c1ccc(NC(=O)Nc2ccc(-c3nc(N4CCOCC4)nc(N4CCOCC4)n3)cc2)cc1,1.0,1.0
CCN(CC)S(=O)(=O)c1cccc(Nc2nccc(-c3ccnc(-c4ccc(NC(=O)NC)cc4)c3)n2)c1,1.0,1.0
CN(C)CCNC(=O)c1ccc(NC(=O)Nc2ccc(-c3nc(C4CCOCC4)nc(N4C5CCC4COC5)n3)cc2)cc1,1.0,1.0
Nc1ncnc2c1c(-c1ccn3ccnc3c1)nn2C1CCCC1,1.0,1.0
COc1ccc(-c2nn(C(C)C)c3ncnc(N)c23)cc1,1.0,1.0
CC(C)n1nc(-c2ccc3[nH]c(O)nc3c2)c2c(N)ncnc21,1.0,1.0
CC(=O)Nc1cc(-c2c(Nc3cc[nH]n3)nc3ccccn23)nc(C)n1,1.0,1.0
COC[C@H]1OC(=O)/C(=C/N2CCOCC2)C2C(=O)C(=O)C3C(=C(OC(C)=O)C[C@]4(C)[C@@H](O)CC[C@@H]34)[C@]21C,1.0,1.0
CN(C)C1CCN(C(=O)c2ccc(NC(=O)Nc3ccc(-c4nc(N5CCOCC5)nc(N5CCOCC5)n4)cc3)cc2)CC1,1.0,1.0
CC(C)N(C)c1nc(-c2ccc(NC(=O)Nc3ccc(N4CCN(C)CC4)cc3)cc2)nc(N2C3CCC2COC3)n1,1.0,1.0
CC(C)n1nc(-c2cc(F)c(O)cc2F)c2c(N)ncnc21,1.0,1.0
Cc1cc(O)ccc1-c1nn(C(C)C)c2ncnc(N)c12,1.0,1.0
Oc1cccc(-c2nc(N3CCOCC3)c3ncn(C4CCN(Cc5cncc(Cl)c5)CC4)c3n2)c1,1.0,1.0
COc1ncc(-c2cc3c(C)nc(N)cc3n(C3CCCC3)c2=O)cc1NS(=O)(=O)c1ccc(C(F)(F)F)cc1,1.0,1.0
O=C1/C(=C/c2c(-c3ccccc3)[nH]c3ccccc23)Oc2cc(O)cc(O)c21,1.0,1.0
N#CCNc1ncnc(-n2c(Nc3cccc(O)c3)nc3ccccc32)n1,1.0,1.0
Cc1nc(N)nc(-c2c(Nc3cc[nH]n3)nc3ccc(-c4cncnc4C)cn23)n1,1.0,1.0
O=C(Nc1ccc(-c2nc(N3CCOCC3)nc(N3C4CCC3COC4)n2)cc1)Nc1ccnnc1,1.0,1.0
C[C@@H]1COCCN1c1nc(-c2ccc(NC(=O)Nc3ccc(N4CCNCC4)cc3)cc2)nc(N2C3CCC2COC3)n1,1.0,1.0
CC(C)N1CCN(C(=O)c2ccc(NC(=O)Nc3ccc(-c4nc(N5C6CCC5COC6)nc(N5CCOC[C@H]5C)n4)cc3)cc2)CC1,1.0,1.0
CC(=O)N(C)c1ccc(-c2nc(N3CCOCC3)c3cnn(-c4ccccc4)c3n2)cc1,1.0,1.0
Nc1ncnc2c1c(-c1ccc(F)c(O)c1)nn2[C@@H]1CCNC1,1.0,1.0
Nc1ncnc2c1c(-c1ccc(F)c(O)c1)nn2[C@H]1CCNC1,1.0,1.0
COc1ccc(S(=O)(=O)Nc2cc(-c3ccc4nc(NC(C)=O)sc4c3)cnc2Cl)cc1,1.0,1.0
COC[C@H]1OC(=O)c2coc3c2[C@@]1(C)C1=C(OC(C)=O)C[C@]2(C)[C@@H](O)CC[C@H]2C1C3=O,1.0,1.0
CS(=O)(=O)C1(c2cc(N3CCOCC3)nc(-c3cccc4[nH]ccc34)n2)CCOCC1,1.0,1.0
COC[C@H]1OC(=O)/C(=C/N2CCCCC2)C2C(=O)C(=O)C3C(=C(OC(C)=O)C[C@]4(C)[C@@H](O)CC[C@@H]34)[C@]21C,1.0,1.0
CNC(=O)Nc1ccc(-c2cc(-c3ccnc(Nc4ccc(C)c(S(=O)(=O)N(C)C)c4)n3)ccn2)cc1,1.0,1.0
c1cncc(CN2CCC(n3ncc4c(N5CCOCC5)nc(-c5ccc6[nH]ccc6c5)nc43)CC2)c1,1.0,1.0
Nc1cn2nc(-c3cnc(Cl)c(NS(=O)(=O)c4ccc(F)cc4)c3)ccc2n1,1.0,1.0
COc1ccc(-c2nn(C3CCCC3)c3ncnc(N)c23)cc1O,1.0,1.0
OCc1cccc(-c2nc(N3CCOCC3)c3ncn(C4CCN(Cc5ccccn5)CC4)c3n2)c1,1.0,1.0
CN(Cc1cccnc1)C(=O)C1CCN(c2ccnc3c2c(/C=C2\Oc4ccc(NC(=O)Nc5cccnc5)cc4C2=O)cn3C)CC1,1.0,1.0
Oc1cccc(-c2nc3ncnc-3c(N3CCOCC3)[nH]2)c1,1.0,1.0
CCn1nnc2c(N3CCOCC3)nc(-c3ccc(NC(=O)Nc4ccc(C(=O)NCCCN(C)C)cc4)cc3)nc21,1.0,1.0
Cn1cc(/C=C2\Oc3cccc(O)c3C2=O)c2c(N3CCC(N)CC3)ccnc21,1.0,1.0
O=C(Nc1ccncc1)Nc1ccc(-c2nc(N3CCOCC3)nc(N3CCOCC3)n2)cc1,1.0,1.0
Nc1ncnc2c1c(-c1cnc3ccccc3c1)nn2C1CCCC1,1.0,1.0
COc1ccc2c(c1)c(/C=C1\Oc3cc(O)cc(O)c3C1=O)c(C)n2CCCN1CCOCC1,1.0,1.0
COc1cc(Br)cc(-c2nn(C(C)C)c3ncnc(N)c23)c1,1.0,1.0
Cc1nc(N)nc(-n2c(Nc3n[nH]c4ccccc34)nc3ccccc32)n1,1.0,1.0
CN(C)CCOc1ccc(NC(=O)Nc2ccc(-c3nc(N4C5CCC4COC5)nc(N4C5CCC4COC5)n3)cc2)cc1,1.0,1.0
Cc1nc(N)nc(-n2c(Nc3cccc(C(N)=O)c3)nc3ccccc32)n1,1.0,1.0
CC(=O)Nc1nc2ccc(-c3ccnc(NS(=O)(=O)c4ccccc4F)n3)cc2s1,1.0,1.0
Cc1cc(C(=O)Nc2cnc3[nH]ccc3c2)c2nc(C)nc(N)c2c1,1.0,1.0
CNC(=O)Nc1ccc(-c2nc(N3C[C@@H]4C[C@H]3CO4)c3cnn(CC(F)(F)F)c3n2)cc1,1.0,1.0
c1ccc(CN2CCC(n3ncc4c(N5CCOCC5)nc(-c5ccc6cc[nH]c6c5)nc43)CC2)cc1,1.0,1.0
COC[C@H]1OC(=O)/C(=C/N2CCN(CCCN(C)C)CC2)C2C(=O)C(=O)C3C(=C(OC(C)=O)C[C@]4(C)[C@@H](O)CC[C@@H]34)[C@]21C,1.0,1.0
CC(C)n1nc(-c2ccc3nccc(N)c3c2)c2c(N)ncnc21,1.0,1.0
CNC(=O)Nc1ccc(-c2nc(N3CCOCC3)c3cnn(C4CCN(C)CC4)c3n2)cc1,1.0,1.0
Cc1nc(N)nc(-n2c(Nc3ccnn3C)nc3ccccc32)n1,1.0,1.0
Cn1cc(/C=C2\Oc3ccc(NC(=O)Nc4cccnc4)cc3C2=O)c2c(N3CC4CCC3CO4)ccnc21,1.0,1.0
C=CCn1nc(-c2ccc(OCC)c(OC)c2)c2c(N)ncnc21,1.0,1.0
Oc1cccc(-c2nc(N3CCOCC3)c3[nH]cc(C4CCN(Cc5ccc(F)cc5)CC4)c3n2)c1,1.0,1.0
CNC(=O)c1ccc2c(c1)OCCc1cc(C(=O)N(C)c3ccc(C(=O)N(C)C)cc3Cl)sc1-2,1.0,1.0
O=S(=O)(Nc1cc(-c2ccc3nccc(N4CCN(Cc5ccncc5)CC4)c3c2)cnc1Cl)c1ccc(F)cc1,1.0,1.0
CNC(=O)Nc1ccc(-c2cc(-c3ccnc(Nc4ccc(C)c(S(=O)(=O)NC)c4)n3)ccn2)cc1,1.0,1.0
Oc1nc2ccc(-c3nc(N4CCOCC4)c4cnn(C5CCN(Cc6ccccc6)CC5)c4n3)cc2[nH]1,1.0,1.0
CN(C)CCN(C)C(=O)c1ccc(NC(=O)Nc2ccc(-c3nc(N4CCOCC4)c4ccn(CC(F)(F)F)c4n3)cc2)cc1,1.0,1.0
C=S(O)(O)=Cc1cc(N2CCOCC2)nc(-c2cccc3[nH]ccc23)n1,1.0,1.0
Cc1nc(N)nc(-n2c(Nc3ccc4c[nH]nc4c3)nc3ccccc32)n1,1.0,1.0
CC(=O)Nc1nc2ccc(-c3cnc(Cl)c(NS(=O)(=O)c4ccc(C(C)(C)C)cc4)c3)cc2s1,1.0,1.0
COc1ccc2[nH]c(-c3c(C)nn(C)c3C)c(/C=C3/Oc4ccc(NC(=O)Nc5cccnc5)cc4C3=O)c2c1,1.0,1.0
Cc1ccc(-c2nn(C)c3ncnc(N)c23)cc1O,1.0,1.0
Oc1cncc(-c2nc(N3CCOCC3)c3ncn(C4CCN(Cc5ccc(Cl)cc5)CC4)c3n2)c1,1.0,1.0
OCc1ccc(-c2nc(N3CCOCC3)c3ncnc-3[nH]2)cc1,1.0,1.0
COc1ncc(-c2nn(C(C)C)c3ncnc(N)c23)c(OC)n1,1.0,1.0
Cc1ccc([N+](=O)[O-])cc1S(=O)(=O)N(CCO)/N=C/c1cnn2ccc(C#N)cc12,1.0,1.0
CNC(=O)Nc1ccc(-c2nc(N3CCOCC3)c3ccn(CCN(C)C)c3n2)cc1,1.0,1.0
O=C(NCCF)Nc1ccc(-c2nc(C3=CCOCC3)c3cnn(CC(F)(F)F)c3n2)cc1,1.0,1.0
c1cc2cc(-c3nc(N4CCOCC4)c4cnn(C5CCNCC5)c4n3)ccc2[nH]1,1.0,1.0
O=C(Nc1ccc(-c2nc(N3CC4CCC(C3)O4)c3sccc3n2)cc1)NC1CC1,1.0,1.0
COC[C@H]1OC(=O)/C(=C/N(C)CC(O)CO)C2C(=O)C(=O)C3C(=C(OC(C)=O)C[C@]4(C)[C@@H](O)CC[C@@H]34)[C@]21C,1.0,1.0
CN1CCN(Cc2cc3nc(-c4ccc(NC(=O)Nc5ccncc5)cc4)nc(N4CC5CCC(C4)O5)c3s2)CC1,1.0,1.0
Nc1ncnc2c1c(-c1ccc3occc(=O)c3c1)nn2C1CCCC1,1.0,1.0
CC(C)n1nc(-c2cnc3ccccc3c2)c2c(N)ncnc21,1.0,1.0
O=C1/C(=C/c2c(-c3ccccn3)[nH]c3ccccc23)Oc2cc(O)cc(O)c21,1.0,1.0
Cn1cc(/C=C2\Oc3cc(O)cc(O)c3C2=O)c2c(-c3ccccc3)ccnc21,1.0,1.0
O=C(Nc1ccncc1)Nc1ccc(-c2nc(N3CC4CCC(C3)O4)c3cnn(C4CCC5(CC4)OCCO5)c3n2)cc1,1.0,1.0
Nc1cc(-n2c(Nc3cccc(O)c3)nc3ccccc32)ncn1,1.0,1.0
Cc1cc(C(=O)Nc2ccc(N(C)C)nc2)c2nc(C)nc(N)c2c1,1.0,1.0
COc1ccc(Nc2ncc(N3CCN(C)CC3)cc2-c2nc(C)nc(N)n2)cn1,1.0,1.0
CN1CCN(c2ccc(NC(=O)Nc3ccc(-c4nc(N5C6CCC5COC6)nc(N5C6CCC5COC6)n4)cc3)cc2)CC1,1.0,1.0
CC(=O)N1CCC(n2ncc3c(N4CCOCC4)nc(-c4cccc(O)c4)nc32)CC1,1.0,1.0
CN[C@@H]1C[C@H]2O[C@@](C)([C@@H]1OC)n1c3ccccc3c3c4c(c5c6ccccc6n2c5c31)C(=O)NC4,1.0,1.0
CCOc1ccc(-c2nn(C3CCCCC3)c3ncnc(N)c23)cc1OC,1.0,1.0
Cc1nc(-c2cccnc2Nc2cccc3[nH]ncc23)c2[nH]cnc2n1,1.0,1.0
CS(=O)(=O)N1CCN(Cc2cc3nc(-c4ccc(NC(=O)Nc5ccncc5)cc4)nc(N4CC5CCC(C4)O5)c3s2)CC1,1.0,1.0
CCn1ncc2c(N3CC4CCC(C3)O4)nc(-c3ccc(NC(=O)Nc4ccc(CO)cc4)cc3)nc21,1.0,1.0
COc1ncc(-c2cnc3nc(N)nc(-c4ccncc4)c3c2)cc1NS(=O)(=O)c1ccc(F)cc1F,1.0,1.0
COC(=O)Nc1ccc(-c2nc(N3CC4CCC(C3)O4)c3sccc3n2)cc1,1.0,1.0
COc1ccc2c(c1)c(/C=C1\Oc3cc(O)cc(O)c3C1=O)cn2C,1.0,1.0
Cc1ncnc(-n2c(Nc3cccc(O)c3)nc3ccccc32)n1,1.0,1.0
CNC(=O)Nc1ccc(-c2nc(N3CCOCC3)c3cnn(C4CCN(C(=O)OC)CC4)c3n2)cc1,1.0,1.0
O=C(Nc1ccccc1)Nc1ccc(-c2nc(N3CCOCC3)nc(N3CCOCC3)n2)cc1,1.0,1.0
Nc1ncnc2c1c(-c1ccc(Br)c(O)c1)nn2C1CCC1,1.0,1.0
COC(=O)c1ccc(NC(=O)Nc2ccc(-c3nc(N4CCOCC4)nc(N4CCOCC4)n3)cc2)cc1,1.0,1.0
O=S(=O)(Nc1cc(-c2ccc3sncc3c2)cnc1Cl)c1ccc(F)cc1,1.0,1.0
CC(=O)Nc1ccc(-c2nc(N3CCOCC3)c3cnn(-c4ccccc4)c3n2)cc1,1.0,1.0
COc1ncc(-c2cc3c(C)nc(N)cc3n(C3CCCC3)c2=O)cc1NS(=O)(=O)C1CC1,1.0,1.0
CCOc1ccc(-c2nn(C3CCCC3)c3ncnc(N)c23)cc1O,1.0,1.0
COC[C@H]1OC(=O)/C(=C/N2CCN(Cc3ccccc3)CC2)C2C(=O)C(=O)C3C(=C(OC(C)=O)C[C@]4(C)[C@@H](O)CC[C@@H]34)[C@]21C,1.0,1.0
c1nc2c(N3CCOCC3)nc(-c3ccc4c(c3)OCO4)nc2[nH]1,1.0,1.0
CN1CCN(C(=O)c2ccc(-c3ccnc4c3c(/C=C3\Oc5cccc(O)c5C3=O)cn4C)cc2)CC1,1.0,1.0
COC[C@H]1OC(=O)/C(=C/N2CCC(=O)CC2)C2C(=O)C(=O)C3C(=C(OC(C)=O)C[C@]4(C)[C@@H](O)CC[C@@H]34)[C@]21C,1.0,1.0
Cn1cc(/C=C2\Oc3cc(O)cc(O)c3C2=O)c2ccccc21,1.0,1.0
O=C(Nc1ccc(-c2nc(N3C4CCC3COC4)c3cnn(CC(F)(F)F)c3n2)cc1)Nc1cccnc1,1.0,1.0
Cc1cc(C(=O)Nc2ccn[nH]2)c2nc(C)nc(N)c2c1,1.0,1.0
c1ccc(CN2CCC(n3ncc4c(N5CCOCC5)nc(-c5ccncc5)nc43)CC2)cc1,1.0,1.0
CN1CCN(Cc2cc3nc(-c4ccc(NC(=O)Nc5cccnc5)cc4)nc(N4CC5CCC(C4)O5)c3s2)CC1,1.0,1.0
O=C(Nc1ccc(-c2nc(N3CCOCC3)nc(N3CCOCC3)n2)cc1)Nc1cccs1,1.0,1.0
Cn1cc(/C=C2\Oc3ccc(NC(=O)Nc4ccccc4)cc3C2=O)c2c(N3CC4CCC(C3)O4)ccnc21,1.0,1.0
O=C(Nc1ccc(-c2nc(N3CC4CCC(C3)O4)c3sccc3n2)cc1)Nc1cccnc1,1.0,1.0
CN(C)CCn1ccc2c(N3CCOCC3)nc(-c3ccc(NC(=O)Nc4ccccn4)cc3)nc21,1.0,1.0
COC(=O)Nc1ccc(-c2nc(N3CCOCC3)c3cnn(C4CCN(C(=O)OC)CC4)c3n2)cc1,1.0,1.0
Cc1cc(-c2ccc3nc(Nc4cc[nH]n4)c(-c4nc(C)nc(N)n4)n3c2)on1,1.0,1.0
Cc1nc(N)c2cccc(C(=O)Nc3ccc(N(C)C)nc3)c2n1,1.0,1.0
OCc1cccc(-c2nc(N3CCOCC3)c3ccn(C4CCNCC4)c3n2)c1,1.0,1.0
Cn1cc(/C=C2\Oc3cc(O)cc(O)c3C2=O)c2cccnc21,1.0,1.0
CCn1nnc2c(N3CCOCC3)nc(-c3ccc(NC(=O)Nc4ccnc(C)c4)cc3)nc21,1.0,1.0
O=C1/C(=C/c2c[nH]c3ccc(Oc4ccccc4)cc23)Oc2cc(O)cc(O)c21,1.0,1.0
COc1ccc(-c2nn(C3CCC3)c3ncnc(N)c23)cc1OC,1.0,1.0
CNC(=O)Nc1ccc(-c2nc(N3CC4CCC(C3)O4)c3sccc3n2)cc1,1.0,1.0
OCc1cccc(-c2nc(N3CCOCC3)c3ncn(C4CCN(Cc5ccc(-c6ccncc6)cc5)CC4)c3n2)c1,1.0,1.0
CCN(/C=C1/C(=O)O[C@H](COC)[C@]2(C)C3=C(OC(C)=O)C[C@]4(C)[C@@H](O)CC[C@H]4C3C(=O)C(=O)C12)CCN(C)C,1.0,1.0
COCCNC(=O)c1cn2cc(-c3cnc(N)nc3)nc(N3CCOCC3)c2n1,1.0,1.0
Nc1ncnc2c1c(-c1ccc3occc3c1)nn2C1CCCC1,1.0,1.0
OCc1cccc(-c2nc(N3CCOCC3)c3[nH]cc(CN4CCCC4)c3n2)c1,1.0,1.0
CC(C)(C)NS(=O)(=O)c1cncc(-c2ccn3nc(N)nc3c2)c1,1.0,1.0
Nc1ncnc2c1c(-c1cc(O)cc(F)c1)nn2C1CCCC1,1.0,1.0
O=C(Nc1ccc(-c2nc(N3CCOCC3)c3ncccc3n2)cc1)Nc1cccc(CO)c1,1.0,1.0
CN1CCN(C(=O)c2ccc(NC(=O)Nc3ccc(-c4nc(O[C@H]5CCOC5)nc(N5CCOCC5)n4)cc3)cc2)CC1,1.0,1.0
CNC(=O)Nc1ccc(-c2nc(N3CCOCC3)c3cnn(C4CCN(C(=O)NC)CC4)c3n2)cc1,1.0,1.0
O=c1cc(N2CCOCC2)oc2c(-c3cccc4c3sc3ccccc34)cccc12,1.0,1.0
Cc1nc(N)c2ccc(C)c(C(=O)Nc3ccn[nH]3)c2n1,1.0,1.0
CC(C)n1nc(-c2ccc3cc(O)ccc3c2)c2c(N)ncnc21,1.0,1.0
OCc1cccc(-c2nc(N3CCOCC3)c3ncn(C4CCN(Cc5ccc(F)cc5)CC4)c3n2)c1,1.0,1.0
O=C(Nc1ccccc1)Nc1ccc(-c2nc(N3CCOCC3)nc(N3C4CCC3COC4)n2)cc1,1.0,1.0
CC(C)n1nc(-c2cc3cc(C=O)ccc3s2)c2c(N)ncnc21,1.0,1.0
CCn1nnc2c(N3CCOCC3)nc(-c3ccc(NC(=O)Nc4ccc(C(=O)NCCN(C)C)cc4)cc3)nc21,1.0,1.0
Cc1cc(-c2nn(C(C)C)c3ncnc(N)c23)sc1C=O,1.0,1.0
Cn1cc(/C=C2\Oc3cccc(O)c3C2=O)c2c(N3CC4CCC(C3)O4)ccnc21,1.0,1.0
Cn1cc(/C=C2\Oc3ccc(NC(=O)Nc4cccnc4)cc3C2=O)c2c(N3CCOCC3)ccnc21,1.0,1.0
CCNC(=O)Nc1ccc(-c2nc(N3CC4CCC(C3)O4)c3cnn(C4CCN(C(=O)OC)CC4)c3n2)cc1,1.0,1.0
COC[C@H]1OC(=O)c2coc3c2[C@@]1(C)C1=C(OC(C)=O)C[C@]2(C)C(=O)CC[C@H]2C1C3=O,1.0,1.0
CN(Cc1cc2nc(-c3cnc(N)nc3)nc(N3CCOCC3)c2s1)S(C)(=O)=O,1.0,1.0
CCN(CC)CCN(C)/C=C1/C(=O)O[C@H](COC)[C@]2(C)C3=C(OC(C)=O)C[C@]4(C)[C@@H](O)CC[C@H]4C3C(=O)C(=O)C12,1.0,1.0
O=C(Nc1ccc(OCCO)cc1)Nc1ccc(-c2nc(N3C4CCC3COC4)nc(N3C4CCC3COC4)n2)cc1,1.0,1.0
COC[C@H]1OC(=O)/C(=C/N(C)C2CCN(C)C2)C2C(=O)C(=O)C3C(=C(OC(C)=O)C[C@]4(C)[C@@H](O)CC[C@@H]34)[C@]21C,1.0,1.0
Cc1cc(-c2ccc3nc(Nc4cc[nH]n4)c(-c4nc(C)nc(N)n4)n3c2)ccn1,1.0,1.0
CNC(=O)Nc1ccc(-c2nc(N3CC4CCC(C3)O4)c3cnn(CCO)c3n2)cc1,1.0,1.0
CCNC(=O)Nc1ccc(-c2nc(N3CCOCC3)c3ccn(CCN(C)C)c3n2)cc1,1.0,1.0
Cc1ccc(-c2nc(N3CCOCC3)nc(-n3ccnc3C)n2)c2cc[nH]c12,1.0,1.0
CNC(=O)Nc1ccc(-c2nc(N3CC4CCC(C3)O4)c3cnn(C4CCN(C(=O)OC)CC4)c3n2)cc1,1.0,1.0
Cc1nc(N)c2cccc(C(=O)Nc3cnc4[nH]ccc4c3)c2n1,1.0,1.0
CCN(/C=C1/C(=O)O[C@H](COC)[C@]2(C)C3=C(OC(C)=O)C[C@]4(C)[C@@H](O)CC[C@H]4C3C(=O)C(=O)C12)CCCN(C)C,1.0,1.0
COCOc1cc(-c2nn(C(C)C)c3ncnc(N)c23)ccc1Br,1.0,1.0
COC[C@H]1OC(=O)/C(=C/N(C)CCCN2CCN(C)CC2)C2C(=O)C(=O)C3C(=C(OC(C)=O)C[C@]4(C)[C@@H](O)CC[C@@H]34)[C@]21C,1.0,1.0
CC(C)n1nc(-c2cccc3[nH]ccc23)c2c(N)ncnc21,1.0,1.0
CN(C)Cc1ccc(NC(=O)Nc2ccc(-c3nc(N4C5CCC4COC5)nc(N4C5CCC4COC5)n3)cc2)cc1,1.0,1.0
Nc1ncnc(-n2c(Nc3cccc(O)c3)nc3ccccc32)n1,1.0,1.0
CNC(=O)Nc1ccc(-c2nc(N3CCOC(C)C3)c3cnn(C4CCN(C(=O)OC)CC4)c3n2)cc1,1.0,1.0
COc1cc(F)c2[nH]c(-c3c(C)nn(C)c3C)c(/C=C3/Oc4ccc(NC(=O)Nc5cccnc5)cc4C3=O)c2c1,1.0,1.0
Cc1nc(N)c2ccc(C)c(C(=O)Nc3cnc4[nH]ccc4c3)c2n1,1.0,1.0
O=C1/C(=C/c2c[nH]c3ccc(Br)cc23)Oc2cc(O)cc(O)c21,1.0,1.0
COC(=O)N1CCC(n2ncc3c(N4CCOCC4)nc(-c4ccc(NC(=O)Nc5ccc(CCO)cc5)cc4)nc32)CC1,1.0,1.0
COc1ccc(NC(=O)Nc2ccc(-c3nc(N4CCOCC4)nc(N4C5CCC4COC5)n3)cc2)cc1OC,1.0,1.0
COc1nc(NCC#N)nc(-n2c(Nc3cccc(O)c3)nc3ccccc32)n1,1.0,1.0
CC(C)n1nnc2c(N3CCOCC3)nc(-c3ccc(NC(=O)Nc4cccnc4)cc3)nc21,1.0,1.0
Cn1cc(/C=C2\Oc3cccc(O)c3C2=O)c2c(N3CCC(CN)CC3)ccnc21,1.0,1.0
Cc1ccc2ccc(-c3nn(C(C)C)c4ncnc(N)c34)cc2n1,1.0,1.0
O=S(=O)(Nc1cc(-c2ccc3ncoc3c2)cnc1Cl)c1ccc(F)cc1,1.0,1.0
CCN(c1nccc(-c2ccc3nc(NC(C)=O)sc3c2)n1)S(=O)(=O)c1ccc(OC)cc1,1.0,1.0
CCn1ncc2c(N3CC4CCC(C3)O4)nc(-c3ccc(NC(=O)Nc4ccc(N(C)CCN(C)C)cc4)cc3)nc21,1.0,1.0
CC(C)n1nnc2c(N3CCOCC3)nc(-c3ccc(NC(=O)Nc4ccc(CO)cc4)cc3)nc21,1.0,1.0
Oc1cccc(-c2nc3ccnc-3c(N3CCOCC3)[nH]2)c1,1.0,1.0
CC(C)n1nc(-c2ccc(O)cc2)c2c(N)ncnc21,1.0,1.0
C[C@@H](CN)n1nc(-c2ccc(F)c(O)c2)c2c(N)ncnc21,1.0,1.0
COc1cccc(-c2nn(C(C)C)c3ncnc(N)c23)c1,1.0,1.0
CC(=O)Nc1nc2ccc(-c3cnc(Cl)c(NS(=O)(=O)c4ccccc4C(F)(F)F)c3)cc2s1,1.0,1.0
O=C(Nc1ccc(-c2nc(N3C[C@H]4C[C@@H]3CO4)c3cnn(CC(F)(F)F)c3n2)cc1)NC1CC1,1.0,1.0
CCOC(=O)N1CCC(n2ncc3c(N4CCOC[C@@H]4C)nc(-c4ccc(NC(=O)Nc5ccncc5)cc4)nc32)CC1,1.0,1.0
CN(C)c1ccc(NC(=O)Nc2ccc(-c3nc(N4CCOCC4)nc(N4C5CCC4COC5)n3)cc2)cc1,1.0,1.0
Oc1cccc(-c2nc(N3CCOCC3)c3cnn(C4CCN(Cc5ccccc5)CC4)c3n2)c1,1.0,1.0
COc1ncc(-c2cc3c(C)nc(N)cc3n(C3CCC(O)CC3)c2=O)cc1NS(=O)(=O)c1ccc(F)cc1F,1.0,1.0
COc1ncc(-c2cc3c(C)nc(N)cc3n([C@H]3CC[C@H](O)CC3)c2=O)cc1NS(=O)(=O)c1ccc(F)cc1F,1.0,1.0
CCc1nccn1-c1nc(-c2cccc3[nH]ccc23)nc(N2CCOCC2)n1,1.0,1.0
CC(C)n1nc(-c2cnc3[nH]ccc3c2)c2c(N)ncnc21,1.0,1.0
O=C(Nc1ccc(OCCN2CCCC2)cc1)Nc1ccc(-c2nc(N3C4CCC3COC4)nc(N3C4CCC3COC4)n2)cc1,1.0,1.0
O=S(=O)(Nc1cc(-c2ccc3ncsc3c2)cnc1Cl)c1ccc(F)cc1,1.0,1.0
Nc1ncnc2c1c(-c1ccc(F)c(O)c1)nn2C1CCC1,1.0,1.0
COc1ccc(-c2nn(C(C)C)c3ncnc(N)c23)cc1O,1.0,1.0
Nc1cccc(C#Cc2n[nH]c3ccccc23)c1,1.0,1.0
O=C(Nc1ccncc1)Nc1ccc(-c2nc(N3CCOCC3)nc(N3C4COCC3[C@@H](O)C4)n2)cc1,1.0,1.0
CN(C)C(=O)c1ccc(-c2ccnc3c2c(/C=C2\Oc4cccc(O)c4C2=O)cn3C)cc1,1.0,1.0
CC(C)(O)c1cc2nc(-c3cccc4[nH]ncc34)nc(N3CCOCC3)c2s1,1.0,1.0
COc1ncc(-c2cc3c(C)nc(N)cc3n(C(C)C)c2=O)cc1NS(=O)(=O)c1ccc(F)cc1F,1.0,1.0
COc1ccc2[nH]c(-c3ccccc3)c(/C=C3\Oc4cc(O)cc(O)c4C3=O)c2c1,1.0,1.0
Cn1cc(/C=C2\Oc3cccc(O)c3C2=O)c2c(-c3ccc(C(=O)N4CCOCC4)cc3)ccnc21,1.0,1.0
COc1ccc(-c2nn(C3CNC3)c3ncnc(N)c23)cc1O,1.0,1.0
COC(=O)Nc1ccc(-c2nc(N3CCOCC3)c3cnn(-c4ccccc4)c3n2)cc1,1.0,1.0
CC(=O)Nc1nc2ccc(-c3cnc(Cl)c(NS(=O)(=O)c4cccc(C(F)(F)F)c4)c3)cc2s1,1.0,1.0
Cc1nc(N)nc(-c2c(Nc3cc[nH]n3)nc3ccc(-c4ccncc4)cn23)n1,1.0,1.0
c1ccc(CN2CCC(n3ncc4c(N5CCOCC5)nc(-c5cc6ccccc6[nH]5)nc43)CC2)cc1,1.0,1.0
CC(C)NC(=O)Nc1ccc(-c2nc(N3CCOCC3)c3cnn(C4CCN(Cc5ccccc5)CC4)c3n2)cc1,1.0,1.0
Cc1nc(N)nc(-c2c(Nc3cc[nH]n3)nc3ccc(-c4cccnc4C)cn23)n1,1.0,1.0
CNC(=O)c1nc(-c2ccc(Cl)c(S(=O)(=O)Nc3cccc(F)c3C)c2)cnc1N,1.0,1.0
CNC(=O)Nc1ccc(-c2nc(N3CCOCC3)c3cnn(C4CCN(C(=O)OC(C)C)CC4)c3n2)cc1,1.0,1.0
O=S(=O)(Nc1cc(-c2ccc3nccc(-c4ccncc4)c3c2)cnc1Cl)c1ccc(F)cc1,1.0,1.0
CS(=O)(=O)N1CCN(Cc2cc3nc(-c4cccc5[nH]ncc45)nc(N4CCOCC4)c3s2)CC1,1.0,1.0
CS(=O)(=O)N1CCN(Cc2cc3nc(-c4cccc5n[nH]cc45)nc(N4CCOCC4)c3s2)CC1,1.0,1.0
COc1ccc2c(c1)c(/C=C1\Oc3cc(O)cc(O)c3C1=O)cn2CCN1CCN(CCCO)CC1,1.0,1.0
CNC(=O)c1ccc(Nc2nc3ccccc3n2-c2nc(C)nc(N)n2)o1,1.0,1.0
Oc1cccc(Nc2nc3ccccc3n2-c2ncnc(NCc3ccccn3)n2)c1,1.0,1.0
Cc1ccc(NC(=O)c2cccc3c(N)nc(C)nc23)cn1,1.0,1.0
CC(C)n1nc(-c2ccc3c(c2)OCCO3)c2c(N)ncnc21,1.0,1.0
CN1CCN(c2ccc(NC(=O)Nc3ccc(-c4nc(C5CCOCC5)nc(N5C6CCC5COC6)n4)cc3)cc2)CC1,1.0,1.0
CC(C)n1nc(-c2ccc3c(c2)CCO3)c2c(N)ncnc21,1.0,1.0
CNC(=O)Nc1ccc(-c2nc(N3CC4CCC(C3)O4)c3cnn([C@H]4CC[C@H](O)CC4)c3n2)cc1,1.0,1.0
CNC(=O)Nc1ccc(-c2nc(N3CC4CCC(C3)O4)c3cnn([C@H]4CC[C@@H](O)CC4)c3n2)cc1,1.0,1.0
Cn1ccc2cc(-c3nn(C4CCCC4)c4ncnc(N)c34)ccc21,1.0,1.0
O=C(NCCF)Nc1ccc(-c2nc(N3CC4CCC(C3)O4)c3cnn(C4CCC5(CC4)OCCO5)c3n2)cc1,1.0,1.0
O=C(Nc1ccc(-c2nc(N3CCOCC3)nc(N3C4CCC3COC4)n2)cc1)Nc1cccnc1,1.0,1.0
Cn1cc(/C=C2\Oc3cccc(O)c3C2=O)c2c(N3CCC(C(=O)N4CCN(CCO)CC4)CC3)ccnc21,1.0,1.0
COc1ncc(-c2cc3c(C)nc(N)cc3n(C3CCC(OCCO)CC3)c2=O)cc1NS(=O)(=O)c1ccc(F)cc1F,1.0,1.0
COc1ncc(-c2cc3c(C)nc(N)cc3n([C@H]3CC[C@H](OCCO)CC3)c2=O)cc1NS(=O)(=O)c1ccc(F)cc1F,1.0,1.0
CCn1ncc2c(N3CC4CCC(C3)O4)nc(-c3ccc(NC(=O)Nc4ccc(OCCN5CCOCC5)nc4)cc3)nc21,1.0,1.0
CNC(=O)Nc1ccc(-c2cc(-c3ccnc(Nc4ccc(Cl)c(S(=O)(=O)N(C)C)c4)n3)ccn2)cc1,1.0,1.0
Nc1ncnc2c1c(-c1ccc(Br)c(O)c1)nn2C1CCCC1,1.0,1.0
Cc1nc(N)nc(-c2cccnc2Nc2cccc3[nH]ccc23)n1,1.0,1.0
O=C(Nc1ccc(-c2nc(N3CCOCC3)nc(N3CCOCC3)n2)cc1)Nc1cccnc1,1.0,1.0
COC(=O)N1CCC(n2ncc3c(N4CCOCC4)nc(-c4ccc(NC(=O)Nc5cccnc5)cc4)nc32)CC1,1.0,1.0
Nc1ncnc2c1c(-c1cccc3[nH]ccc13)nn2C1CCCC1,1.0,1.0
c1cc2ccc(-c3nc(N4CCOCC4)c4nc[nH]c4n3)cc2[nH]1,1.0,1.0
CNC(=O)Nc1ccc(Nc2nc3ccccc3n2-c2nc(C)nc(N)n2)cc1,1.0,1.0
Oc1ccccc1-c1nc(N2CCOCC2)c2cnn(C3CCN(Cc4ccccc4)CC3)c2n1,1.0,1.0
CC1CCC(n2nc(-c3ccc(F)c(O)c3)c3c(N)ncnc32)C1,1.0,1.0
Nc1ccc(-c2nc(N3CCOCC3)c3ncccc3n2)cn1,1.0,1.0
CS(=O)(=O)N1CCN(Cc2cc3nc(-c4ccc(NC(=O)Nc5cccnc5)cc4)nc(N4CC5CCC(C4)O5)c3s2)CC1,1.0,1.0
Cn1cc(/C=C2\Oc3ccc(NC(=O)Nc4cccnc4)cc3C2=O)c2c(N3CC4CCC(C3)O4)ccnc21,1.0,1.0
CN1CCN(Cc2ccc(NC(=O)Nc3ccc(-c4nc(N5CCOCC5)nc(N5C6CCC5COC6)n4)cc3)cc2)CC1,1.0,1.0
CC(C)n1nc(-c2cc3cc(O)ccc3[nH]2)c2c(N)ncnc21,1.0,1.0
Cn1nc(-c2ccc(Br)c(O)c2)c2c(N)ncnc21,1.0,1.0
CCn1ncc2c(N3CC4CCC(C3)O4)nc(-c3ccc(NC(=O)Nc4ccc(N5CCOCC5)cc4)cc3)nc21,1.0,1.0
Cc1ccc(NC(=O)c2c(C)ccc3c(N)nc(C)nc23)cn1,1.0,1.0
O=C(Nc1ccc(CO)cc1)Nc1ccc(-c2nc(N3CCOCC3)nc(N3CCOCC3)n2)cc1,1.0,1.0
O=C1CN(CCC2CCOCC2)c2nc(-c3ccc(-c4ncn[nH]4)cc3)cnc2N1,1.0,1.0
CC(=O)Nc1ccc(-c2nc(N3CC4CCC(C3)O4)c3sccc3n2)cc1,1.0,1.0
Cn1cc(/C=C2\Oc3cccc(O)c3C2=O)c2c(N3CCOCC3)ccnc21,1.0,1.0
COc1cc(-c2nn(C(C)C)c3ncnc(N)c23)ccc1F,1.0,1.0
CC(C)n1nc(-c2ccc3ccncc3c2)c2c(N)ncnc21,1.0,1.0
COc1ccc2c(c1)c(/C=C1\Oc3cc(O)cc(O)c3C1=O)c(C)n2CCCN1CCN(C)CC1,1.0,1.0
Cc1nc(NCC#N)nc(-n2c(Nc3cccc(O)c3)nc3ccccc32)n1,1.0,1.0
CC(C)n1nc(-c2ccc(N)c(O)c2)c2c(N)ncnc21,1.0,1.0
Cc1nc(Nc2cccnc2)cc(-c2c(Nc3cc[nH]n3)nc3cccnn23)n1,1.0,1.0
Nc1ncnc2c1c(-c1ccc3[nH]ccc3c1)nn2C1CCCC1,1.0,1.0
Nc1ncnc2c1c(-c1ccc(F)c(O)c1)nn2[C@@H]1CCOC1,1.0,1.0
Nc1ncnc2c1c(-c1ccc(F)c(O)c1)nn2[C@H]1CCOC1,1.0,1.0
CC(C)Oc1nc(-c2ccc(NC(=O)Nc3ccc(C(=O)N(C)CCN(C)C)cc3)cc2)nc(N2CCOCC2)n1,1.0,1.0
COC(=O)N1CCC(n2ncc3c(N4CCOC(C)C4)nc(-c4ccc(NC(=O)Nc5cccnc5)cc4)nc32)CC1,1.0,1.0
N#Cc1ccc(-c2c(-c3ncn[nH]3)sc(N3CCOCC3)c2C#N)c(F)c1,1.0,1.0
CC(C)N1CCN(c2cnc3ccc(-c4cnc(Cl)c(NS(=O)(=O)c5ccc(F)cc5)c4)cc3n2)CC1,1.0,1.0
CC(C)n1nc(-c2cccc(O)c2)c2c(N)ncnc21,1.0,1.0
CN(Cc1ccccn1)C(=O)C1CCN(c2ccnc3c2c(/C=C2\Oc4ccc(NC(=O)Nc5cccnc5)cc4C2=O)cn3C)CC1,1.0,1.0
CN1CCN(CCOc2ccc(NC(=O)Nc3ccc(-c4nc(N5C6CCC5COC6)nc(N5C6CCC5COC6)n4)cc3)cc2)CC1,1.0,1.0
Cc1nc(N)cc2c1cc(-c1cnc3c(ccn3C)c1)c(=O)n2C1CCCC1,1.0,1.0
CN1CCN(c2ccc(NC(=O)Nc3ccc(-c4nc(C5=CCOCC5)nc(N5C6CCC5COC6)n4)cc3)cc2)CC1,1.0,1.0
Cc1nc(N)nc(-c2c(Nc3cc[nH]n3)nc3ccc(-c4cnccc4C)cn23)n1,1.0,1.0
CN(C)CCn1ccc2c(N3CCOCC3)nc(-c3ccc(NC(=O)Nc4ccncc4)cc3)nc21,1.0,1.0
CONC(=O)Nc1ccc(-c2nc(N3CCOCC3)c3cnn(C4CCN(Cc5ccccc5)CC4)c3n2)cc1,1.0,1.0
CCNC(=O)Nc1ccc(-c2nc(N3CCOCC3)c3cnn(C4CCN(C(=O)OCC)CC4)c3n2)cc1,1.0,1.0
O=C(Nc1ccc(-c2nc(N3CCOCC3)c3cnn(C4CCN(Cc5ccccc5)CC4)c3n2)cc1)Nc1cccnc1,1.0,1.0
Oc1nc2ncc(-c3ccc(-c4ncn[nH]4)cc3)nc2n1CC1CCOCC1,1.0,1.0
O=C(Nc1ccc(-c2nc(C3CCOCC3)nc(N3C4CCC3COC4)n2)cc1)Nc1ccc(N2CCNCC2)cc1,1.0,1.0
CN(C)CCn1ncc2c(N3CC4CCC(C3)O4)nc(-c3ccc(NC(=O)Nc4cccnc4)cc3)nc21,1.0,1.0
CN(C)C(=O)c1cccc(-c2ccnc3c2c(/C=C2\Oc4cccc(O)c4C2=O)cn3C)c1,1.0,1.0
O=C(Nc1ccc(-c2nc(N3CC4CCC(C3)O4)c3cnn(CC(F)(F)F)c3n2)cc1)Nc1ccc(N2CCNCC2)cc1,1.0,1.0
CS(=O)(=O)N1CCN(Cc2cc3nc(-c4ccc(NC(=O)NC5CC5)cc4)nc(N4CC5CCC(C4)O5)c3s2)CC1,1.0,1.0
NC(=O)Nc1ccc(-c2nc(N3CCOCC3)c3cnn(C4CCN(Cc5ccccc5)CC4)c3n2)cc1,1.0,1.0
O=C(Nc1ccc(C(=O)N2CCC(N3CCCCC3)CC2)cc1)Nc1ccc(-c2nc(N3CCOCC3)nc(N3CCOCC3)n2)cc1,1.0,1.0
CNC(=O)Nc1ccc(-c2nc(N3CCOCC3)c3cnn(C4CCN(C(C)=O)CC4)c3n2)cc1,1.0,1.0
CN1CCN(c2ccc(NC(=O)Nc3ccc(-c4nc(N5CCSCC5)nc(N5C6CCC5COC6)n4)cc3)cc2)CC1,1.0,1.0
COC(=O)N1CCC(n2ncc3c(N4CCOCC4)nc(-c4ccc(NC(=O)NC5CC5)cc4)nc32)CC1,1.0,1.0
CNC(=O)Nc1ccc(-c2nc(N3CCOCC3)nc(N3CCOCC3)n2)cc1,1.0,1.0
CC(C)n1nc(-c2ccc3nc(NN)ccc3c2)c2c(N)ncnc21,1.0,1.0
C[C@@H]1COCCN1c1nc(-c2ccc(NC(=O)Nc3ccc(OCCN(C)C)cc3)cc2)nc(N2C3CCC2COC3)n1,1.0,1.0
C[C@H](CN)n1nc(-c2ccc(Cl)c(O)c2)c2c(N)ncnc21,1.0,1.0
C[C@@H](CN)n1nc(-c2ccc(Cl)c(O)c2)c2c(N)ncnc21,1.0,1.0
CNC(=O)Nc1ccc2c(c1)C(=O)/C(=C\c1c(-c3c(C)nn(C)c3C)[nH]c3ccc(OC)cc13)O2,1.0,1.0
COc1ccc2c(c1)c(/C=C1\Oc3cc(O)cc(O)c3C1=O)c(C)n2CCN1CCOCC1,1.0,1.0
CNC(=O)Nc1ccc(-c2cc(-c3ccnc(Nc4cccc(S(=O)(=O)NC)c4)n3)ccn2)cc1,1.0,1.0
Cc1c(-c2cccc(C(=O)N3CCN(C)CC3)c2)sc2c(N3CCOCC3)nc(-c3cnc(N)nc3)nc12,1.0,1.0
OCc1cccc(-c2nc(N3CCOCC3)c3ncn(C4CCN(Cc5ccccc5)CC4)c3n2)c1,1.0,1.0
CC(C)n1nc(-c2ccc(C(N)=O)c(Cl)c2)c2c(N)ncnc21,1.0,1.0
Cc1nc(-c2cccnc2Nc2cccc3[nH]ccc23)c2nc[nH]c2n1,1.0,1.0
CCN(/C=C1/C(=O)O[C@H](COC)[C@]2(C)C3=C(OC(C)=O)C[C@]4(C)[C@@H](O)CC[C@H]4C3C(=O)C(=O)C12)CCN(CC)CC,1.0,1.0
Nc1ncc(-c2nc(N3CCOCC3)c3sccc3n2)cn1,1.0,1.0
Cn1cc(/C=C2\Oc3cccc(O)c3C2=O)c2c(-c3ccc(C(=O)N4CCN(CCO)CC4)cc3)ccnc21,1.0,1.0
CCn1ncc2c(N3CC4CCC(C3)O4)nc(-c3ccc(NC(=O)Nc4ccc(CN)cc4)cc3)nc21,1.0,1.0
COc1ccc(CN2CCC(n3cnc4c(N5CCOCC5)nc(-c5cccc(O)c5)nc43)CC2)cn1,1.0,1.0
Cc1nc(N)nc(-c2c(Nc3cc[nH]n3)nc3ccccn23)n1,1.0,1.0
CS(=O)(=O)C1(c2cc(N3CCOCC3)nc(-c3cccc4[nH]ccc34)n2)CCNCC1,1.0,1.0
COc1ncccc1-c1ccc2nc(Nc3cc[nH]n3)c(-c3nc(C)nc(N)n3)n2c1,1.0,1.0
COC(=O)N1CCC(n2ncc3c(N4CCOCC4)nc(-c4ccc(N)cc4)nc32)CC1,1.0,1.0
O=CCn1ccc2c(N3CCOCC3)nc(-c3ccc(NC(=O)Nc4ccncc4)cc3)nc21,1.0,1.0
CN(C(=O)C1CCN(c2ccnc3c2c(/C=C2\Oc4ccc(NC(=O)Nc5cccnc5)cc4C2=O)cn3C)CC1)c1cccnc1,1.0,1.0
CCNC(=O)Nc1ccc(-c2nc3c(c(N4CCOCC4)n2)C=S(O)(O)=C3)cc1,1.0,1.0
CC(C)(C)OC(=O)N1CCC(n2ncc3c(N4CCOCC4)nc(-c4ccc(N)cc4)nc32)CC1,1.0,1.0
COc1ccc(-c2cc3c(C)nc(N)cc3n(C3CCCC3)c2=O)cn1,1.0,1.0
Cc1nc(-c2cnc3ccc(-c4cncc(NS(=O)(=O)c5ccccc5)c4)cn23)no1,1.0,1.0
O=C(Nc1ccc(-c2nc(N3C4CCC3COC4)nc(N3C4CCC3COC4)n2)cc1)Nc1ccc(N2CCNCC2)cc1,1.0,1.0
CC(C)n1nc(-c2cnc3nccnc3c2)c2c(N)ncnc21,1.0,1.0
Cc1c(-c2cccc(S(C)(=O)=O)c2)sc2c(N3CCOCC3)nc(-c3cnc(N)nc3)nc12,1.0,1.0
Cc1nc(N)nc(-n2c(Nc3cc(O)cc(O)c3)nc3ccccc32)n1,1.0,1.0
CC(C)n1nc(-c2cccc(CO)c2)c2c(N)ncnc21,1.0,1.0
COc1ccc(S(=O)(=O)Nc2cncc(-c3ccc4nc(NC(C)=O)sc4c3)c2)cc1,1.0,1.0
COc1ccc2[nH]c(-c3c(C)nn(C)c3C)c(/C=C3/Oc4ccc(NC(=O)Nc5ccc(C(=O)N6CCOCC6)cc5)cc4C3=O)c2c1,1.0,1.0
Nc1cccc(-c2nc(N3CCOCC3)c3cnn(-c4ccccc4)c3n2)n1,1.0,1.0
COc1ccc(-c2nn(C[C@@H](C)CO)c3ncnc(N)c23)cc1OC,1.0,1.0
COc1ccc(-c2nn(C[C@H](C)CO)c3ncnc(N)c23)cc1OC,1.0,1.0
O=C(Nc1ccc(CO)cc1)Nc1ccc(-c2nc(N3CCOCC3)nc(N3C4CCC3COC4)n2)cc1,1.0,1.0
COc1ccc2c(c1)c(/C=C1\Oc3cc(O)cc(O)c3C1=O)c(C)n2CCN1CCN(CCCO)CC1,1.0,1.0
COC(=O)N1CCC(n2ncc3c(N4CC5CCC(C4)O5)nc(-c4ccc(NC(=O)NC5CC5)cc4)nc32)CC1,1.0,1.0
CCn1ncc2c(N3CC4CCC(C3)O4)nc(-c3ccc(NC(=O)Nc4ccc(NCCN(C)C)cc4)cc3)nc21,1.0,1.0
O=C(Nc1ccc(-c2nc(N3CCOCC3)c3nnn(C4CC4)c3n2)cc1)Nc1cccnc1,1.0,1.0
CC(C)N1CCN(c2ccc(NC(=O)Nc3ccc(-c4nc(C5CCOCC5)nc(N5C6CCC5COC6)n4)cc3)cc2)CC1,1.0,1.0
C[C@@H]1COCCN1c1nc(-c2ccc(NC(=O)Nc3ccc(C(=O)N4CCC(N(C)C)CC4)cc3)cc2)nc(N2C3CCC2COC3)n1,1.0,1.0
CCNC(=O)Nc1ccc(-c2nc(N3CCCOCC3)c3c(ncn3C)n2)cc1,1.0,1.0
CC(=O)Nc1nc2ccc(-c3cnc(Cl)c(NS(=O)(=O)c4cccc(F)c4)c3)cc2s1,1.0,1.0
c1ccc(CN2CCC(n3ncc4c(N5CCOCC5)nc(-c5ccc6[nH]ccc6c5)nc43)CC2)cc1,1.0,1.0
CN1CCN(C(=O)C2CCN(c3ccnc4c3c(/C=C3\Oc5cccc(O)c5C3=O)cn4C)CC2)CC1,1.0,1.0
COC[C@H]1OC(=O)/C(=C/N(C)C(C)(C)C)C2C(=O)C(=O)C3C(=C(OC(C)=O)C[C@]4(C)[C@@H](O)CC[C@@H]34)[C@]21C,1.0,1.0
CN(C)C1CCN(C(=O)c2ccc(NC(=O)Nc3ccc(-c4nc(O[C@H]5CCOC5)nc(N5CCOCC5)n4)cc3)cc2)CC1,1.0,1.0
COc1ccc2c(c1)c(/C=C1\Oc3cc(O)cc(O)c3C1=O)cn2CCCN(C)C,1.0,1.0
CC(C)n1nc(-c2ccc3c(ccn3C(=O)OC(C)(C)C)c2)c2c(N)ncnc21,1.0,1.0
OCc1cccc(-c2nc(N3CCOCC3)c3ncn(C4CCN(Cc5ccccc5F)CC4)c3n2)c1,1.0,1.0
CN(C)C(=O)C1CCN(c2ccnc3c2c(/C=C2\Oc4cccc(O)c4C2=O)cn3C)CC1,1.0,1.0
Cn1nc(-c2cnc3[nH]ccc3c2)c2c(N)ncnc21,1.0,1.0
Cc1nc(N)c2cc(CN(C)C)cc(C(=O)Nc3ccn[nH]3)c2n1,1.0,1.0
CN1CCN(CCn2ccc3c(N4CCOCC4)nc(-c4ccc(NC(=O)Nc5ccncc5)cc4)nc32)CC1,1.0,1.0
CC(C)n1nc(-c2ccc(CC#N)cc2)c2c(N)ncnc21,1.0,1.0
O=C(Nc1ccccc1)Nc1ccc(-c2nc(N3CCOCC3)c3cnn(C4CCN(Cc5ccccc5)CC4)c3n2)cc1,1.0,1.0
CNC(=O)Nc1ccc(-c2nc(N3C4CCC3COC4)c3cnn(C4CCN(C(=O)OC)CC4)c3n2)cc1,1.0,1.0
CC(C)n1nc(-c2ccc3[nH]ccc3c2)c2c(N)ncnc21,1.0,1.0
CN1CCN(c2ccc(NC(=O)Nc3ccc(-c4nc(N5C6CCC5COC6)nc(N5[C@H](CO)CC[C@@H]5CO)n4)cc3)cc2)CC1,1.0,1.0
Cc1nc(N)cc(-c2c(Nc3cc[nH]n3)nc3cccnn23)n1,1.0,1.0
Nc1ncnc2c1c(-c1ccc(F)c(O)c1)nn2C1CCCC1,1.0,1.0
Oc1ccc(-c2nc(N3CCOCC3)c3ncnc-3[nH]2)cc1,1.0,1.0
Nc1ncnc2c1c(-c1ccc3cn[nH]c3c1)nn2C1CCCC1,1.0,1.0
CNC(=O)Nc1ccc2c(c1)C(=O)/C(=C/c1cn(C)c3nccc(-c4ccccc4)c13)O2,1.0,1.0
Cc1c(Cn2c(C)nn3c(=O)cc(N4CCOC(C)C4)nc23)cccc1C(F)(F)F,1.0,1.0
COc1ncc(-c2cnc3nc(N)nc(C)c3c2)cc1NS(=O)(=O)c1ccc(F)cc1F,1.0,1.0
COC[C@H]1OC(=O)/C(=C/N2CCN(C3CCCCC3)CC2)C2C(=O)C(=O)C3C(=C(OC(C)=O)C[C@]4(C)[C@@H](O)CC[C@@H]34)[C@]21C,1.0,1.0
CCn1ncc2c(N3CC4CCC(C3)O4)nc(-c3ccc(NC(=O)Nc4ccc(OCCN(C)C)cc4)cc3)nc21,1.0,1.0
CNC(=O)Nc1ccc(-c2nc(N3CC4CCC(C3)O4)c3cnn(C(C)C)c3n2)cc1,1.0,1.0
CC(C)n1nc(-c2ccc3c(N)n[nH]c3c2)c2c(N)ncnc21,1.0,1.0
CN(C)CCNC(=O)c1ccc(NC(=O)Nc2ccc(-c3nc(N4CCOCC4)nc(N4CCOCC4)n3)cc2)cc1,1.0,1.0
CNC(=O)Nc1ccc(-c2nc(N3CC4CCC(C3)O4)c3cnn(C4CCC5(CC4)OCCCO5)c3n2)cc1,1.0,1.0
COC1CCN(C(=O)C2CCN(c3ccnc4c3c(/C=C3\Oc5ccc(NC(=O)Nc6cccnc6)cc5C3=O)cn4C)CC2)C1,1.0,1.0
CC(=O)Nc1nc2ccc(-c3cnc(Cl)c(NS(=O)(=O)c4ccc(F)cc4)c3)cc2o1,1.0,1.0
CC(C)n1nc(-c2ccc3nc(Cl)ccc3c2)c2c(N)ncnc21,1.0,1.0
CN(C)CCNC(=O)Nc1ccc(-c2nc(N3CCOCC3)c3cnn(C4CCN(Cc5ccccc5)CC4)c3n2)cc1,1.0,1.0
CNCc1ccc(NC(=O)Nc2ccc(-c3nc(N4C5CCC4COC5)nc(N4C5CCC4COC5)n3)cc2)cc1,1.0,1.0
COc1ccc2c(c1)c(/C=C1\Oc3cc(O)cc(O)c3C1=O)c(C)n2CCCN(C)C,1.0,1.0
CNC(=O)Nc1ccc(-c2nc(N3CC4CCC(C3)O4)c3cnn(C4CCC5(CC4)OCCO5)c3n2)cc1,1.0,1.0
CN(C)CCNC(=O)Nc1ccc2c(c1)C(=O)/C(=C/c1cn(C)c3nccc(N4CC5CCC(C4)O5)c13)O2,1.0,1.0
CCn1ccc2c(N3CCOCC3)nc(-c3ccc(NC(=O)Nc4ccc(C(=O)N5CCN(C)CC5)cc4)cc3)nc21,1.0,1.0
CCn1nc(-c2ccc(OC)c(O)c2)c2c(N)ncnc21,1.0,1.0
COc1ccc(-c2[nH]nc3ncnc(N)c23)cc1O,1.0,1.0
CC(C)n1nc(-c2ccc3c(C=O)c[nH]c3c2)c2c(N)ncnc21,1.0,1.0
CN(C)CCN(C)C(=O)c1ccc(NC(=O)Nc2ccc(-c3nc(O[C@H]4CCOC4)nc(N4CCOCC4)n3)cc2)cc1,1.0,1.0
Oc1cccc(Nc2nc3ccccc3n2-c2ncncn2)c1,1.0,1.0
CC(C)N1CCN(C(=O)c2ccc(NC(=O)Nc3ccc(-c4nc(C5CCOCC5)nc(N5C6CCC5COC6)n4)cc3)cc2)CC1,1.0,1.0
CC(C)n1nc(-c2ccc3ncnc(O)c3c2)c2c(N)ncnc21,1.0,1.0
CNc1nc(C)nc(-n2c(Nc3cc[nH]n3)nc3ccccc32)n1,1.0,1.0
CNC(=O)Nc1ccc2c(c1)C(=O)/C(=C\c1c(-c3c(C)nn(C)c3C)[nH]c3c(F)cc(OC)cc13)O2,1.0,1.0
Oc1ccc(-c2nc(N3CC4CCC(C3)O4)c3sccc3n2)cc1,1.0,1.0
CCn1ncc2c(N3CC4CCC(C3)O4)nc(-c3ccc(NC(=O)Nc4ccc(C(=O)NN5CCCC5)cc4)cc3)nc21,1.0,1.0
CNC(=O)Nc1ccc(-c2nc(N3CC4CCC(C3)O4)c3sc(CN4CCN(C)CC4)cc3n2)cc1,1.0,1.0
O=C(Nc1ccc(-c2nc(N3CC4CCC(C3)O4)c3cnn(C4CCC5(CC4)OCCO5)c3n2)cc1)Nc1cccnc1,1.0,1.0
Cn1cc(/C=C2\Oc3ccc(NC(=O)Nc4cccnc4)cc3C2=O)c2c(N3CCC(C(=O)N4CC5CCC(C4)O5)CC3)ccnc21,1.0,1.0
Cc1ccc(NC(=O)Nc2ccc(-c3nc(N4CCOCC4)nc(N4CCOCC4)n3)cc2)cc1,1.0,1.0
O=C1/C(=C/c2c(-c3ccc(F)cc3)[nH]c3ccccc23)Oc2cc(O)cc(O)c21,1.0,1.0
CN1CCN(C(=O)C2CCN(c3ccnc4c3c(/C=C3\Oc5ccc(NC(=O)Nc6cccnc6)cc5C3=O)cn4C)CC2)CC1,1.0,1.0
O=C(Nc1ccc(-c2nc(N3CCOCC3)nc(N3C4CCC3COC4)n2)cc1)Nc1ccnc(Cl)c1,1.0,1.0
Cc1nc(N)c2cccc(C(=O)Nc3cn[nH]c3)c2n1,1.0,1.0
COc1ccc(-c2ccc3c(N4CCOCC4)nc(N4C[C@@H](C)O[C@@H](C)C4)nc3n2)cc1CO,1.0,1.0
CC1CN(c2cc(=O)c3ccc4ccccc4c3o2)CCO1,1.0,1.0
CC(=O)Nc1nc2ccc(-c3cnc(Cl)c(NS(=O)(=O)c4cccc(C(C)(C)C)c4)c3)cc2s1,1.0,1.0
O=C(Nc1ccc(CCO)cc1)Nc1ccc(-c2nc(N3CCOCC3)nc(N3CCOCC3)n2)cc1,1.0,1.0
COc1ccc(-c2nn(C3CCC(C)C3)c3ncnc(N)c23)cc1O,1.0,1.0
Cc1nc(Nc2cccnn2)cc(-c2c(Nc3cc[nH]n3)nc3cccnn23)n1,1.0,1.0
O=C(Nc1ccc(-c2nc(N3C[C@H]4C[C@@H]3CO4)c3cnn(CC(F)(F)F)c3n2)cc1)Nc1cccnc1,1.0,1.0
CCn1nnc2c(N3CCOCC3)nc(-c3ccc(NC(=O)Nc4ccc(C(N)=O)cc4)cc3)nc21,1.0,1.0
CN1CCN(c2ccnc3c2c(/C=C2\Oc4cc(O)cc(O)c4C2=O)cn3C)CC1,1.0,1.0
CNC(=O)Nc1ccc(-c2cc(-c3ccnc(Nc4cccc(S(N)(=O)=O)c4)n3)ccn2)cc1,1.0,1.0
CCNC(=O)Nc1ccc(-c2nc(N3CCOC[C@@H]3C)c3nc(C(C)(C)O)n(CCO)c3n2)cc1,1.0,1.0
COc1ccc(Nc2ncc(CN3CCN(S(C)(=O)=O)CC3)cc2-c2nc(C)nc(N)n2)cn1,1.0,1.0
Oc1cccc(-c2nc(N3CCOCC3)c3cc[nH]c3n2)c1,1.0,1.0
COC[C@H]1OC(=O)/C(=C/N(C)CCN(C)C)C2C(=O)C(=O)C3C(=C(OC(C)=O)C[C@]4(C)[C@@H](O)CC[C@@H]34)[C@]21C,1.0,1.0
COc1ccc2c(c1)c(/C=C1\Oc3cc(O)cc(O)c3C1=O)c(C)n2CCCN1CCN(CCO)CC1,1.0,1.0
CCNC(=O)Nc1ccc(-c2nc(N3CCOC[C@@H]3C)c3ncn(CC)c3n2)cc1,1.0,1.0
Nc1ncc(-c2nc(N3CC4CCC(C3)O4)c3sccc3n2)cn1,1.0,1.0
O=C(NCCF)Nc1ccc(-c2nc(N3CC4CCC(C3)O4)c3sccc3n2)cc1,1.0,1.0
O=S(=O)(Nc1cc(-c2ccc3nccc(N4CCOCC4)c3c2)cnc1Cl)c1ccc(F)cc1,1.0,1.0
O=S(=O)(Nc1cc(-c2ccc3nccc(-c4cccnc4)c3c2)cnc1Cl)c1ccc(F)cc1,1.0,1.0
Cn1nc(-c2ccc3cc[nH]c3c2)c2c(N)ncnc21,1.0,1.0
CC(=O)Nc1nc2ccc(-c3ccnc(NS(=O)(=O)c4ccc(C)cc4)n3)cc2s1,1.0,1.0
CC(=O)Nc1nc2ccc(-c3ccnc(NS(=O)(=O)c4cccc(F)c4)n3)cc2s1,1.0,1.0
CNC(=O)Nc1ccc(-c2nc(N3CC4CCC(C3)O4)c3cnn(C4CCN(C(=O)OC(C)C)CC4)c3n2)cc1,1.0,1.0
COc1ccc(-n2c(=O)n(C)c3cnc4ccc(-c5ccncc5)cc4c32)cc1,1.0,1.0
Cc1nc(Nc2ccc(N3CCOCC3)nn2)cc(-c2c(Nc3cc[nH]n3)nc3cccnn23)n1,1.0,1.0
CCc1nc(N)nc(-n2c(Nc3cccc(O)c3)nc3ccccc32)n1,1.0,1.0
CC(C)n1nc(-c2cccc(O)c2F)c2c(N)ncnc21,1.0,1.0
Cc1nc(N)nc(-n2c(NC3CCOCC3)nc3ccccc32)n1,1.0,1.0
Cc1nc(N)nc(-n2c(Nc3ccon3)nc3ccccc32)n1,1.0,1.0
CNC(=O)Nc1ccc(-c2nc(N3CC4CCC(C3)O4)c3cnn(C4CCC(OC)(OC)CC4)c3n2)cc1,1.0,1.0
CCN(CC)S(=O)(=O)c1cc(Nc2nccc(-c3ccnc(-c4ccc(NC(=O)NC)cc4)c3)n2)ccc1Cl,1.0,1.0
COc1ccc(NC(=O)c2cc(C)cc3c(N)nc(C)nc23)cn1,1.0,1.0
CN1CCN(C(=O)c2ccc(NC(=O)Nc3ccc(-c4nc(C5CCOCC5)nc(N5C6CCC5COC6)n4)cc3)cc2)CC1,1.0,1.0
COC[C@H]1OC(=O)/C(=C/N2CCN(C3CCN(C)CC3)CC2)C2C(=O)C(=O)C3C(=C(OC(C)=O)C[C@]4(C)[C@@H](O)CC[C@@H]34)[C@]21C,1.0,1.0
COC(=O)N1CCC(n2ncc3c(N4CCOCC4)nc(-c4ccc(NC(=O)OCCO)cc4)nc32)CC1,1.0,1.0
c1ccc(CN2CCC(n3ncc4c(N5CCOCC5)nc(-c5cccnc5)nc43)CC2)cc1,1.0,1.0
CC(C)n1nc(-c2ccc3[nH]ncc3c2)c2c(N)ncnc21,1.0,1.0
CC(C)n1nc(-c2ccc3c(ccn3C)c2)c2c(N)ncnc21,1.0,1.0
c1nc2c(N3CCOCC3)nc(-c3ccsc3)nc2[nH]1,1.0,1.0
C#CCNc1nc(C)nc(-n2c(Nc3cc[nH]n3)nc3ccccc32)n1,1.0,1.0
CNC(=O)Nc1ccc2c(c1)C(=O)/C(=C/c1cn(C)c3nccc(N4CC5CCC(C4)O5)c13)O2,1.0,1.0
O=C(Nc1ccc(-c2nc(C3=CCOCC3)c3sccc3n2)cc1)Nc1cccnc1,1.0,1.0
C[C@]12O[C@H](C[C@]1(O)CO)n1c3ccccc3c3c4c(O)[nH]cc4c4c5ccccc5n2c4c31,1.0,1.0
Oc1ccccc1-c1nc(N2CCOCC2)c2ncnc-2[nH]1,1.0,1.0
CN(C)C(=O)Nc1ccc(-c2nc(N3CCOCC3)c3cnn(C4CCN(Cc5ccccc5)CC4)c3n2)cc1,1.0,1.0
C=CCN(/C=C1/C(=O)O[C@H](COC)[C@]2(C)C3=C(OC(C)=O)C[C@]4(C)C(=O)CC[C@H]4C3C(=O)C(=O)C12)CC=C,1.0,1.0
CN(C)CCOc1ccc(NC(=O)Nc2ccc(-c3nc(C4CCOCC4)nc(N4C5CCC4COC5)n3)cc2)cc1,1.0,1.0
CC(C)(N)c1cc2nc(-c3cnc(N)nc3)nc(N3CCOCC3)c2s1,1.0,1.0
Cc1nc(N)nc(-c2c(Nc3ccn(C)n3)nc3ccc(-c4cncnc4)cn23)n1,1.0,1.0
Cc1nc(N)nc(-c2c(Nc3cc[nH]n3)nc3ccc(-c4cccnc4)cn23)n1,1.0,1.0
NC(=O)c1cn2cc(-c3cnc(N)nc3)nc(N3CCOCC3)c2n1,1.0,1.0
O=C(Nc1ccc(-c2nc(N3CCOCC3)nc(N3CCOCC3)n2)cc1)NN1CCCCC1,1.0,1.0
Nc1ncnc2c1c(-c1ccc(Cl)c(O)c1)nn2CCC1CCCNC1,1.0,1.0
O=C1/C(=C/c2c(-c3ccc4ccccc4c3)[nH]c3ccccc23)Oc2cc(O)cc(O)c21,1.0,1.0
Nc1ncnc2c1c(-c1ccc(Cl)c(O)c1)nn2[C@@H]1CCNC1,1.0,1.0
CN(C)C1CCN(c2ccc(NC(=O)Nc3ccc(-c4nc(C5CCOCC5)nc(N5C6CCC5COC6)n4)cc3)cc2)CC1,1.0,1.0
CC(C)n1nc(-c2cccc(N=S(C)(=O)O)c2)c2c(N)ncnc21,1.0,1.0
Nc1ncnc2c1c(-c1ccc(Cl)c(O)c1)nn2C1CCCC1,1.0,1.0
CCN1CCN(c2ccc(NC(=O)Nc3ccc(-c4nc(N5C6CCC5COC6)nc(N5CCOC[C@H]5C)n4)cc3)cc2)CC1,1.0,1.0
COc1ccc(Nc2ncccc2-c2ncnc3[nH]cnc23)cn1,1.0,1.0
O=C1C=CC(=NC(=O)Nc2ccc(-c3nc4c(c(N5CCOCC5)n3)N=CCC4)cc2)C=C1,1.0,1.0
Cn1nc(-c2ccc3ncccc3c2)c2c(N)ncnc21,1.0,1.0
c1ccc(CN2CCC(n3ncc4c(N5CCOCC5)nc(-c5cccc6[nH]ccc56)nc43)CC2)cc1,1.0,1.0
C[C@]12O[C@H](C[C@]1(O)CO)n1c3ccccc3c3c4c(c5c6ccccc6n2c5c31)CNC4=O,1.0,1.0
Cn1cc(/C=C2\Oc3cccc(O)c3C2=O)c2c(N3CCC(C(N)=O)CC3)ccnc21,1.0,1.0
Nc1nc(N)c2nc(-c3cccc(O)c3)c(-c3cccc(O)c3)nc2n1,1.0,1.0
COc1ccc(S(=O)(=O)Nc2cc(-c3ccc4nc(NC(C)=O)sc4c3)ccn2)cc1,1.0,1.0
COc1ccc(-c2nn(C3CCCC3)c3ncnc(N)c23)cc1OC,1.0,1.0
CC(C)n1nc(-c2ccc3cn[nH]c3c2)c2c(N)ncnc21,1.0,1.0
CN1CCN(C(=O)c2ccc(NC(=O)Nc3ccc(-c4nc(N5CCOCC5)c5ccn(CC(F)(F)F)c5n4)cc3)cc2)CC1,1.0,1.0
COc1cnnc(Nc2cc(-c3c(Nc4cc[nH]n4)nc4cccnn34)nc(C)n2)c1,1.0,1.0
Cc1nccn1-c1nc(-c2cccc(O)c2)nc(N2CCOCC2)n1,1.0,1.0
COc1ccc2c(c1)c(/C=C1\Oc3cc(O)cc(O)c3C1=O)c(C)n2CCN1CCN(C)CC1,1.0,1.0
CCNC(=O)Nc1ccc(-c2nc(N3CCOC[C@@H]3CC)c3c(n2)c(C)nn3C)cc1,1.0,1.0
CCNC(=O)Nc1ccc(-c2nc(N3CCOCC3)c3cnn(C4CCN(Cc5ccccc5)CC4)c3n2)cc1,1.0,1.0
Cn1cc(/C=C2\Oc3ccc(NC(=O)Nc4ccc(N5CCOCC5)nc4)cc3C2=O)c2c(N3CC4CCC(C3)O4)ccnc21,1.0,1.0
CC(C)N1CCN(c2ccc(NC(=O)Nc3ccc(-c4nc(N5C6CCC5COC6)nc(N5CCOC[C@H]5C)n4)cc3)cc2)CC1,1.0,1.0
Cc1nc(N)nc(-c2c(Nc3cc[nH]n3)nc3ccc(-c4ccccc4F)cn23)n1,1.0,1.0
CC(C)n1nc(-c2ccc3cc[nH]c3c2)c2c(N)ncnc21,1.0,1.0
CC(=O)N1CCC(n2cnc3c(N4CCOCC4)nc(-c4cccc(CO)c4)nc32)CC1,1.0,1.0
CC(=O)Nc1cc(-c2c(Nc3ccn(C)n3)nc3ccccn23)nc(C)n1,1.0,1.0
OCc1cccc(-c2nc(N3CCOCC3)c3ncn(C4CCN(c5ccc(F)cc5F)CC4)c3n2)c1,1.0,1.0
Cc1nc(N)nc(-n2c(Nc3cc[nH]n3)nc3cc(F)c(F)cc32)n1,1.0,1.0
Cn1cc(/C=C2\Oc3cccc(O)c3C2=O)c2c(-c3ccccc3)ccnc21,1.0,1.0
Oc1cccc(-c2nc(N3CCOCC3)c3cnn(C4CCN(Cc5cccnc5)CC4)c3n2)c1,1.0,1.0
CC(C)n1nc(-c2ccc(O)c(F)c2)c2c(N)ncnc21,1.0,1.0
O=C(Nc1ccccc1)Nc1ccc(-c2nc(N3CC4CCC(C3)O4)c3cnn(C4CCC5(CC4)OCCO5)c3n2)cc1,1.0,1.0
Oc1ccc(-c2nc(N3CCOCC3)c3cnn(C4CCN(Cc5ccccc5)CC4)c3n2)cc1,1.0,1.0
COC(=O)Nc1ccc(-c2nc(N3CCOCC3)c3cnn(C4CCN(Cc5cccnc5)CC4)c3n2)cc1,1.0,1.0
Nc1ncnc2c1c(-c1ccc(Cl)c(O)c1)nn2C1CCC1,1.0,1.0
CCOC(=O)Nc1ccc(-c2nc(N3CCOCC3)c3cnn(C4CCN(Cc5ccccc5)CC4)c3n2)cc1,1.0,1.0
CNC(=O)Nc1ccc(-c2nc(N3CCOCC3)c3cnn(C4CCN(C(=O)N(C)C)CC4)c3n2)cc1,1.0,1.0
Cc1[nH]c2ccc(Br)cc2c1/C=C1\Oc2cc(O)cc(O)c2C1=O,1.0,1.0
O=C(Nc1ccc(O)cc1)Nc1ccc(-c2nc(N3CCOCC3)c3ncccc3n2)cc1,1.0,1.0
CN1CCN(c2ccc(NC(=O)Nc3ccc(-c4nc(N5CCOCC5)nc(N5C6CCC5COC6)n4)cc3)cc2)CC1,1.0,1.0
COc1ccc2c(c1)c(/C=C1\Oc3cc(O)cc(O)c3C1=O)c(C)n2CCN(C)C,1.0,1.0
Cc1nc(N)c2cc(CN3CCOCC3)cc(C(=O)Nc3ccn[nH]3)c2n1,1.0,1.0
COC[C@H]1OC(=O)/C(=C/N2CCC(C(=O)OC)CC2)C2C(=O)C(=O)C3C(=C(OC(C)=O)C[C@]4(C)[C@@H](O)CC[C@@H]34)[C@]21C,1.0,1.0
Oc1cncc(-c2nc(N3CCOCC3)c3ncn(C4CCNCC4)c3n2)c1,1.0,1.0
Cc1nc(N)nc(-c2c(Nc3cc[nH]n3)nc3ccc(-c4cncnc4)cn23)n1,1.0,1.0
COc1ccc2c(c1)c(/C=C1\Oc3cc(O)cc(O)c3C1=O)c(C)n2C,1.0,1.0
O=C(NCCF)Nc1ccc(-c2nc(N3CC4CCC(C3)O4)c3cnn(CC(F)(F)F)c3n2)cc1,1.0,1.0
Clc1cccc(Nc2nc(N3CCOCC3)nc(-n3cccn3)n2)c1,1.0,1.0
CNC(=O)Nc1ccc(-c2nc(N3CCOCC3)c3cnn(CC(F)(F)F)c3n2)cc1,1.0,1.0
Cn1cc(/C=C2\Oc3cccc(O)c3C2=O)c2c(N3C4CCC3COC4)ccnc21,1.0,1.0
Nc1ccc(-c2nc(N3CCOCC3)c3cnn(-c4ccccc4)c3n2)cn1,1.0,1.0
O=C(Nc1ccccc1)Nc1ccc(-c2nc(N3CC4CCC(C3)O4)c3sccc3n2)cc1,1.0,1.0
COc1ccc2[nH]cc(/C=C3\Oc4cc(O)cc(O)c4C3=O)c2c1,1.0,1.0
COCCNC(=O)Nc1ccc(-c2nc(N3CCOCC3)c3cnn(C4CCN(Cc5ccccc5)CC4)c3n2)cc1,1.0,1.0
O=C(NCCO)Nc1ccc(-c2nc(N3CC4CCC(C3)O4)c3sccc3n2)cc1,1.0,1.0
CC(C)n1nc(-c2cc(F)c3c[nH]nc3c2)c2c(N)ncnc21,1.0,1.0
COC[C@H]1OC(=O)/C(=C/N2CCC(C(=O)O)CC2)C2C(=O)C(=O)C3C(=C(OC(C)=O)C[C@]4(C)[C@@H](O)CC[C@@H]34)[C@]21C,1.0,1.0
O=C(Nc1ccc(-c2nc(N3CCOCC3)nc(N3C4CCC3COC4)n2)cc1)Nc1ccc(-c2cccnc2)nc1,1.0,1.0
CN(C)Cc1c[nH]c2c(N3CCOCC3)nc(-c3cccc(CO)c3)nc12,1.0,1.0
CC(=O)Nc1nc2ccc(-c3cnc(Cl)c(NS(=O)(=O)c4cccc(Cl)c4)c3)cc2s1,1.0,1.0
COc1ccc2c(c1)c(/C=C1\Oc3cc(O)cc(O)c3C1=O)cn2CCCN1CCOCC1,1.0,1.0
COc1ncc(-c2cc3c(C)nc(N)cc3n(C3CCCC3)c2=O)cc1F,1.0,1.0
CCN(CC)C(=O)C1CCN(c2ccnc3c2c(/C=C2\Oc4ccc(NC(=O)Nc5cccnc5)cc4C2=O)cn3C)CC1,1.0,1.0
CNC(=O)Nc1ccc(-c2nc(C3=CCOCC3)c3cnn(CC(F)(F)F)c3n2)cc1,1.0,1.0
Oc1cccc(-c2nc(N3CCOCC3)c3cnn(C4CCNCC4)c3n2)c1,1.0,1.0
CC(C)n1nc(-c2cccc(S(N)(=O)=O)c2)c2c(N)ncnc21,1.0,1.0
COC[C@H]1OC(=O)/C(=C/N2CCC(N3CCCCC3)CC2)C2C(=O)C(=O)C3C(=C(OC(C)=O)C[C@]4(C)[C@@H](O)CC[C@@H]34)[C@]21C,1.0,1.0
COc1ccc(Nc2ncc(CN3CCC(S(C)(=O)=O)C3)cc2-c2nc(C)nc(N)n2)cn1,1.0,1.0
CN(C)CCn1ccc2c(N3CCOCC3)nc(-c3ccc(NC(=O)Nc4cccnc4)cc3)nc21,1.0,1.0
CC(C)n1nc(-c2cccc(C(=O)NC3=NCCS3)c2)c2c(N)ncnc21,1.0,1.0
Oc1cncc(-c2nc(N3CCOCC3)c3nc[nH]c3n2)c1,1.0,1.0
CNC(=O)Cc1ccc(-c2nc(N3CCOCC3)c3cnn(C4CCN(Cc5ccccc5)CC4)c3n2)cc1,1.0,1.0
C[C@@H]1COCCN1c1nc(-c2ccc(NC(=O)Nc3ccc(N4CCN(C)CC4)cc3)cc2)nc(N2C3CCC2COC3)n1,1.0,1.0
COc1ccc(Nc2ncc(CN3CCN(C(=O)N(C)C)CC3)cc2-c2nc(C)nc(N)n2)cn1,1.0,1.0
CCNC(O)=Nc1ccc(-c2nc3c(c(N4C[C@H]5CC[C@@H](C4)O5)n2)C=S(O)(O)=CC3)cc1,1.0,1.0
CN(C)CCOc1ccc(NC(=O)Nc2ccc(-c3nc(N4CCOCC4)nc(N4C5CCC4COC5)n3)cc2)cc1,1.0,1.0
CNC(=O)Nc1ccc(-c2nc(N3CC4CCC(C3)O4)c3cnn(C4CCN(Cc5cccnc5)CC4)c3n2)cc1,1.0,1.0
Cn1cc(/C=C2\Oc3cccc(O)c3C2=O)c2c(-c3ccc(C(=O)N4CC5CCC(C4)O5)cc3)ccnc21,1.0,1.0
Nc1ccc(-c2nc(N3CCOCC3)c3cnn(C4CCN(Cc5ccccc5)CC4)c3n2)cc1,1.0,1.0
CN(C)CCn1ccc2c(N3CCOCC3)nc(-c3ccc(NC(=O)Nc4ccc(F)cc4)cc3)nc21,1.0,1.0
CNC(=O)Nc1ccc(-c2nc(N3CC4CCC(C3)O4)c3cnn(C4CCC(=O)CC4)c3n2)cc1,1.0,1.0
COC(Cn1ccc2c(N3CCOCC3)nc(-c3ccc(NC(=O)Nc4ccncc4)cc3)nc21)OC,1.0,1.0
O=C(Nc1ccc(F)cc1)Nc1ccc(-c2nc(N3CCOCC3)nc(N3CCOCC3)n2)cc1,1.0,1.0
COc1ncc(-c2ccc3nc(N)nc(C)c3c2)cc1NS(=O)(=O)c1ccc(F)cc1F,1.0,1.0
Oc1cccc(-c2nc(N3CCOCC3)c3ncn(C4CCN(Cc5cccnc5)CC4)c3n2)c1,1.0,1.0
CCCc1nc(N)nc(-n2c(Nc3cccc(O)c3)nc3ccccc32)n1,1.0,1.0
Nc1ncnc2c1c(-c1ccc(Cl)c(O)c1)nn2CC1CCNCC1,1.0,1.0
O=C(Nc1ccncc1)Nc1ccc(-c2nc(N3CCOCC3)nc(N3C4CCC3COC4)n2)cc1,1.0,1.0
COc1ccc2[nH]c(-c3cccnc3)c(/C=C3\Oc4cc(O)cc(O)c4C3=O)c2c1,1.0,1.0
c1ccc(CN2CCC(n3ncc4c(N5CCOCC5)nc(-c5ccc6ncccc6c5)nc43)CC2)cc1,1.0,1.0
CCn1nnc2c(N3CCOCC3)nc(-c3ccc(NC(=O)Nc4ccc(C(=O)NCCc5ccccn5)cc4)cc3)nc21,1.0,1.0
COC[C@H]1OC(=O)/C(=C/N2CCN(CCN3CCOCC3)CC2)C2C(=O)C(=O)C3C(=C(OC(C)=O)C[C@]4(C)[C@@H](O)CC[C@@H]34)[C@]21C,1.0,1.0
Cc1nc(N)ncc1-c1nc(N2CCOCC2)c2sc(CN3CCN(S(C)(=O)=O)CC3)cc2n1,1.0,1.0
Cn1nnc2c(N3CCOCC3)nc(-c3ccc(NC(=O)Nc4cccnc4)cc3)nc21,1.0,1.0
COc1ccc(-c2cc3c(C)nc(N)nc3n([C@H]3CC[C@H](OCCO)CC3)c2=O)cn1,1.0,1.0
COc1ccc(-c2cc3c(C)nc(N)nc3n(C3CCC(OCCO)CC3)c2=O)cn1,1.0,1.0
CC(C)n1nc(-c2ccc3nccc(NC(=O)OC(C)(C)C)c3c2)c2c(N)ncnc21,1.0,1.0
COC[C@H]1OC(=O)/C(=C/N(CCN(C)C)Cc2ccccc2)C2C(=O)C(=O)C3C(=C(OC(C)=O)C[C@]4(C)[C@@H](O)CC[C@@H]34)[C@]21C,1.0,1.0
COC[C@H]1OC(=O)/C(=C/N2CCN(CCCN3CCOCC3)CC2)C2C(=O)C(=O)C3C(=C(OC(C)=O)C[C@]4(C)[C@@H](O)CC[C@@H]34)[C@]21C,1.0,1.0
c1cc2cc(-c3nc(N4CC5CCC(C4)O5)c4sccc4n3)ccc2[nH]1,1.0,1.0
CCn1ncc2c(N3CC4CCC(C3)O4)nc(-c3ccc(NC(=O)Nc4ccc(CN(C)C)cc4)cc3)nc21,1.0,1.0
O=C(Nc1ccc(-c2nc(N3CCOCC3)nc(N3C4CCC3COC4)n2)cc1)Nc1cncnc1,1.0,1.0
CN1CCN(c2ccnc3c2c(/C=C2\Oc4cccc(O)c4C2=O)cn3C)CC1,1.0,1.0
CN(C)CCN(C)C(=O)c1ccc(NC(=O)Nc2ccc(-c3nc(N4CCOCC4)nc(N4CCOCC4)n3)cc2)cc1,1.0,1.0
C[C@@H]1COCCN1c1cc(CS(C)(=O)=O)nc(-c2ccc3[nH]ccc3c2)n1,1.0,1.0
Cc1ccc([N+](=O)[O-])cc1S(=O)(=O)N(C)/N=C/c1cnn2ccc(C#N)cc12,1.0,1.0
COc1ccc2[nH]c(C)c(/C=C3\Oc4cc(O)cc(O)c4C3=O)c2c1,1.0,1.0
Cc1ccc(-n2c(=O)n(C)c3cnc4ccc(-c5ccncc5)cc4c32)cc1,1.0,1.0
Nc1ncnc2c1c(-c1ccc(F)c(O)c1)nn2C1CCCCCC1,1.0,1.0
Cc1nc(N)nc(-c2c(Nc3cc[nH]n3)nc3ccc(-c4cnn(C5CC5)c4)cn23)n1,1.0,1.0
Nc1ncnc2c1c(-c1ccc3n[nH]cc3c1)nn2C1CCCC1,1.0,1.0
Cc1nc(NCCC#N)nc(-n2c(Nc3cc[nH]n3)nc3ccccc32)n1,1.0,1.0
CC(=O)Nc1ccc(Nc2nc3ccccc3n2-c2nc(C)nc(N)n2)cc1,1.0,1.0
Cc1nc(NCC#N)nc(-n2c(Nc3cc[nH]n3)nc3ccccc32)n1,1.0,1.0
CC(C)n1nnc2c(N3CCOCC3)nc(-c3ccc(NC(=O)Nc4ccc(N(C)C)cc4)cc3)nc21,1.0,1.0
N#Cc1c(N2CCOCC2)sc(-c2ncn[nH]2)c1-c1ccc(Cl)cc1Cl,1.0,1.0
CN(C)C1CCN(C(=O)c2ccc(NC(=O)Nc3ccc(-c4nc(C5CCOCC5)nc(N5C6CCC5COC6)n4)cc3)cc2)CC1,1.0,1.0
Cn1cc(/C=C2\Oc3ccc(NC(=O)Nc4cccnc4)cc3C2=O)c2c(N3CCC(C(=O)N4CCCC4)CC3)ccnc21,1.0,1.0
CCNC(=O)Nc1ccc(-c2nc(N3CC4CCC(C3)O4)c3sccc3n2)cc1,1.0,1.0
Oc1cncc(-c2nc(N3CCOCC3)c3ncn(C4CCN(Cc5ccc(F)nc5)CC4)c3n2)c1,1.0,1.0
CC(=O)Nc1cc(-c2c(Nc3ccn(C)n3)nc3ccc(-c4cnco4)cn23)nc(C)n1,1.0,1.0
CNC(=O)Nc1ccc(-c2nc(N3CC4CCC(C3)O4)c3sc(CN4CCN(S(C)(=O)=O)CC4)cc3n2)cc1,1.0,1.0
N#CCCCn1nc(-c2ccc(F)c(O)c2)c2c(N)ncnc21,1.0,1.0
OCc1cccc(-c2nc(N3CCOCC3)c3cc[nH]c3n2)c1,1.0,1.0
Nc1cccc(-c2nc3ccnc-3c(N3CCOCC3)[nH]2)c1,1.0,1.0
COC[C@H]1OC(=O)/C(=C/N(C)CCCN2CCOCC2)C2C(=O)C(=O)C3C(=C(OC(C)=O)C[C@]4(C)[C@@H](O)CC[C@@H]34)[C@]21C,1.0,1.0
OCc1cccc(-c2nc(N3CCOCC3)c3ncccc3n2)c1,1.0,1.0
COc1ccc(Nc2ncccc2-c2nc(C)nc(N)n2)cn1,1.0,1.0
COc1ccc2c(c1)c(/C=C1\Oc3cc(O)cc(O)c3C1=O)cn2CCCN1CCN(CCO)CC1,1.0,1.0
COc1ncc(-c2cc3c(C)nc(N)cc3n(C3CCCC3)c2=O)cc1NS(=O)(=O)c1ccc(F)cc1,1.0,1.0
COc1ccc(Nc2cc(-c3cnc(N)nc3)nc(N3CCOCC3)n2)cn1,1.0,1.0
Cn1cc(/C=C2\Oc3cc(O)cc(O)c3C2=O)c2c(-c3ccccc3)cccc21,1.0,1.0
CCNC(=O)Nc1ccc(-c2nc(N3CC4CCC(C3)O4)c3cnn(C4CCC5(CC4)OCCO5)c3n2)cc1,1.0,1.0
COC(=O)N1CCC(n2ncc3c(N4C5CCC4COC5)nc(-c4ccc(NC(=O)Nc5cccnc5)cc4)nc32)CC1,1.0,1.0
Cc1nc(N)nc(-n2c(Nc3ccn(C)n3)nc3ccccc32)n1,1.0,1.0
Cc1nc(N)nc(-c2cccnc2Nc2cnc(Cl)c(N=S(C)(=O)O)c2)n1,1.0,1.0
CN(C)C(=O)C1CCN(c2ccnc3c2c(/C=C2\Oc4ccc(NC(=O)Nc5cccnc5)cc4C2=O)cn3C)CC1,1.0,1.0
Nc1ncnc2c1c(-c1ccc(Cl)c(O)c1)nn2CC1CCNC1,1.0,1.0
CCC(C)n1nc(-c2ccc(C)c(O)c2)c2c(N)ncnc21,1.0,1.0
O=S(=O)(Nc1cc(-c2ccc3ncc(N4CCOCC4)nc3c2)cnc1Cl)c1ccc(F)cc1,1.0,1.0
C[C@@H]1COCCN1c1nc(-c2ccc(NC(=O)Nc3ccc(N4CCC(N(C)C)CC4)cc3)cc2)nc(N2C3CCC2COC3)n1,1.0,1.0
CCN(CC)S(=O)(=O)c1cc(Nc2nccc(-c3ccnc(-c4ccc(NC(=O)NC)cc4)c3)n2)ccc1C,1.0,1.0
CNC(=O)Nc1ccc(-c2nc(N3C[C@@H](C)O[C@@H](C)C3)c3cnn(C4CCN(Cc5cccnc5)CC4)c3n2)cc1,1.0,1.0
COc1ncc(-c2cc3c(C)nc(N)cc3n(C3CCCC3)c2=O)cc1NS(=O)(=O)c1cccc(F)c1,1.0,1.0
CC(=O)Nc1cc(-c2c(Nc3ccn(C)n3)nc3ccc(-c4cccnc4C)cn23)nc(C)n1,1.0,1.0
CC(C)n1nc(-c2ccc3occc(=O)c3c2)c2c(N)ncnc21,1.0,1.0
CN(C)C(=O)c1ccccc1-c1ccnc2c1c(/C=C1\Oc3cccc(O)c3C1=O)cn2C,1.0,1.0
Nc1ccc(-c2nc(N3CC4CCC(C3)O4)c3sccc3n2)cn1,1.0,1.0
CN1CCN(Cc2ccc(NC(=O)Nc3ccc(-c4nc(N5C6CCC5COC6)nc(N5C6CCC5COC6)n4)cc3)cc2)CC1,1.0,1.0
COc1ccc(Nc2ncccc2-c2nc(C)nc3[nH]cnc23)cn1,1.0,1.0
CS(=O)(=O)Cc1cc(N2CCOCC2)nc(-c2cccc3[nH]ccc23)n1,1.0,1.0
CNC(=O)Nc1ccc(-c2nc(N3CC4CCC(C3)O4)c3cnn(CCN(C)C)c3n2)cc1,1.0,1.0
CCn1nnc2c(N3CCOCC3)nc(-c3ccc(NC(=O)Nc4ccc(C(=O)N5CCN(C)CC5)cc4)cc3)nc21,1.0,1.0
CC(C)n1nc(-c2ccc(Cl)c(O)c2)c2c(N)ncnc21,1.0,1.0
Cn1cc(/C=C2\Oc3cc(O)ccc3C2=O)c2c(-c3ccccc3)ccnc21,1.0,1.0
CN1CCN(C(=O)c2ccc(NC(=O)Nc3ccc(-c4nc(N5CCOCC5)nc(N5CCOCC5)n4)cc3)cc2)CC1,1.0,1.0
CNC(=O)Nc1ccc(-c2nc(N3CC4CCC(C3)O4)c3cnn([C@H]4CC[C@@H](OC)CC4)c3n2)cc1,1.0,1.0
CNC(=O)Nc1ccc(-c2nc(N3CC4CCC(C3)O4)c3cnn([C@H]4CC[C@H](OC)CC4)c3n2)cc1,1.0,1.0
Cn1cc(/C=C2\Oc3ccc(NC(=O)Nc4cccnc4)cc3C2=O)c2c(N3CCC(C(=O)N4CCCCC4)CC3)ccnc21,1.0,1.0
CN(C)NC(=O)Nc1ccc(-c2nc(N3CCOCC3)c3cnn(C4CCN(Cc5ccccc5)CC4)c3n2)cc1,1.0,1.0
O=C(Nc1ccc(F)cc1)Nc1ccc(-c2nc(N3CCOCC3)nc(N3C4CCC3COC4)n2)cc1,1.0,1.0
CC(C)n1nc(-c2ccc3nc(N)ccc3c2)c2c(N)ncnc21,1.0,1.0
CC(C)n1nc(-c2cccnc2)c2c(N)ncnc21,1.0,1.0
Nc1ccc(-c2nn(C3CCCC3)c3ncnc(N)c23)cc1O,1.0,1.0
COC[C@H]1OC(=O)/C(=C/N2CCN(C)CC2)C2C(=O)C(=O)C3C(=C(OC(C)=O)C[C@]4(C)[C@@H](O)CC[C@@H]34)[C@]21C,1.0,1.0
N#Cc1c(N2CCOCC2)sc(-c2nc[nH]n2)c1-c1ccc(Cl)cc1,1.0,1.0
CNC(=O)Nc1ccc(-c2nc(N3CCOCC3)c3ncccc3n2)cc1,1.0,1.0
CC(C)n1nc(-c2ccc(Br)c(O)c2)c2c(N)ncnc21,1.0,1.0
CC(C)n1nc(-c2ccc(S(N)(=O)=O)cc2)c2c(N)ncnc21,1.0,1.0
Cc1ccc2cc(-c3nn(C(C)C)c4ncnc(N)c34)ccc2n1,1.0,1.0
CC(=O)Nc1cccc(-c2ccc3nc(Nc4cc[nH]n4)c(-c4nc(C)nc(N)n4)n3c2)c1,1.0,1.0
CN(Cc1ccncc1)C(=O)C1CCN(c2ccnc3c2c(/C=C2\Oc4ccc(NC(=O)Nc5cccnc5)cc4C2=O)cn3C)CC1,1.0,1.0
CS(=O)(=O)Cc1cc(N2CCOCC2)nc(-c2cnc3[nH]ccc3c2)n1,1.0,1.0
CC(C)Nc1nc(-c2ccc(NC(=O)Nc3ccc(N4CCN(C)CC4)cc3)cc2)nc(N2C3CCC2COC3)n1,1.0,1.0
Nc1ncnc2c1c(-c1ccc3cc[nH]c3c1)nn2C1CCCC1,1.0,1.0
Cc1nc(N)nc(-c2c(Nc3cc[nH]n3)nc3ccc(-c4cccc(F)c4)cn23)n1,1.0,1.0
COc1cc(-c2nn(C3CCCC3)c3ncnc(N)c23)ccc1N,1.0,1.0
Cc1ccc(-c2[nH]nc3ncnc(N)c23)cc1O,1.0,1.0
O=C(Nc1ccc(-c2nc(N3CCOCC3)c3cnn(CC(F)(F)F)c3n2)cc1)Nc1cccnc1,1.0,1.0
CCn1ccc2c(N3CCOCC3)nc(-c3ccc(NC(=O)Nc4ccc(C(=O)N5CCNCC5)cc4)cc3)nc21,1.0,1.0
O=C(Nc1ccc(C(=O)O)cc1)Nc1ccc(-c2nc(N3CCOCC3)nc(N3CCOCC3)n2)cc1,1.0,1.0
CCCCN(C)/C=C1/C(=O)O[C@H](COC)[C@]2(C)C3=C(OC(C)=O)C[C@]4(C)[C@@H](O)CC[C@H]4C3C(=O)C(=O)C12,1.0,1.0
